-- phpMyAdmin SQL Dump
-- version 4.7.7
-- https://www.phpmyadmin.net/
--
-- Host: localhost
-- Generation Time: Aug 17, 2018 at 12:11 PM
-- Server version: 10.2.12-MariaDB
-- PHP Version: 7.0.26

SET SQL_MODE = "NO_AUTO_VALUE_ON_ZERO";
SET AUTOCOMMIT = 0;
START TRANSACTION;
SET time_zone = "+00:00";


/*!40101 SET @OLD_CHARACTER_SET_CLIENT=@@CHARACTER_SET_CLIENT */;
/*!40101 SET @OLD_CHARACTER_SET_RESULTS=@@CHARACTER_SET_RESULTS */;
/*!40101 SET @OLD_COLLATION_CONNECTION=@@COLLATION_CONNECTION */;
/*!40101 SET NAMES utf8mb4 */;

--
-- Database: `id6350728_images`
--

-- --------------------------------------------------------

--
-- Table structure for table `1st_level_sort`
--

CREATE TABLE `1st_level_sort` (
  `id` int(15) NOT NULL,
  `category` varchar(50) COLLATE utf8_unicode_ci NOT NULL
) ENGINE=InnoDB DEFAULT CHARSET=utf8 COLLATE=utf8_unicode_ci;

--
-- Dumping data for table `1st_level_sort`
--

INSERT INTO `1st_level_sort` (`id`, `category`) VALUES
(0, 'Unsorted'),
(1, 'DC_Universe'),
(2, 'Marval_Universe'),
(3, 'Other_Comic_Characters'),
(4, 'Male_Character_Reference'),
(5, 'Female_Character_Reference'),
(6, 'Demonic_Creatures'),
(7, 'Godlings'),
(8, 'League_of_Angels'),
(9, 'Legend_of_Cryptids'),
(10, 'Galaxy_Saga'),
(11, 'Sexy_Girls'),
(13, 'Magic_Users'),
(14, 'Mystical_and_Mythological_Beings'),
(15, 'armoured_warriors'),
(16, 'couples'),
(17, 'multiple_characters');

-- --------------------------------------------------------

--
-- Table structure for table `dc_universe`
--

CREATE TABLE `dc_universe` (
  `id` int(15) NOT NULL,
  `categories` varchar(30) COLLATE utf8_unicode_ci NOT NULL
) ENGINE=InnoDB DEFAULT CHARSET=utf8 COLLATE=utf8_unicode_ci;

-- --------------------------------------------------------

--
-- Table structure for table `demonic_creatures`
--

CREATE TABLE `demonic_creatures` (
  `id` int(15) NOT NULL,
  `categories` varchar(30) COLLATE utf8_unicode_ci NOT NULL
) ENGINE=InnoDB DEFAULT CHARSET=utf8 COLLATE=utf8_unicode_ci;

-- --------------------------------------------------------

--
-- Table structure for table `female_character_reference`
--

CREATE TABLE `female_character_reference` (
  `id` int(15) NOT NULL,
  `categories` varchar(30) COLLATE utf8_unicode_ci NOT NULL
) ENGINE=InnoDB DEFAULT CHARSET=utf8 COLLATE=utf8_unicode_ci;

-- --------------------------------------------------------

--
-- Table structure for table `godlings`
--

CREATE TABLE `godlings` (
  `id` int(15) NOT NULL,
  `categories` varchar(30) COLLATE utf8_unicode_ci NOT NULL
) ENGINE=InnoDB DEFAULT CHARSET=utf8 COLLATE=utf8_unicode_ci;

-- --------------------------------------------------------

--
-- Table structure for table `login_data`
--

CREATE TABLE `login_data` (
  `id` int(15) NOT NULL,
  `name` varchar(50) COLLATE utf8_unicode_ci NOT NULL,
  `email` varchar(50) COLLATE utf8_unicode_ci NOT NULL,
  `password` varchar(50) COLLATE utf8_unicode_ci NOT NULL
) ENGINE=InnoDB DEFAULT CHARSET=utf8 COLLATE=utf8_unicode_ci;

--
-- Dumping data for table `login_data`
--

INSERT INTO `login_data` (`id`, `name`, `email`, `password`) VALUES
(1, 'Abhipriyo Biswas', 'biswasabhi93@gmail.com', '247927'),
(2, 'Abhipriyo Biswas', 'someone@example.com', '247927');

-- --------------------------------------------------------

--
-- Table structure for table `magic_users`
--

CREATE TABLE `magic_users` (
  `id` int(15) NOT NULL,
  `categories` varchar(30) COLLATE utf8_unicode_ci NOT NULL
) ENGINE=InnoDB DEFAULT CHARSET=utf8 COLLATE=utf8_unicode_ci;

-- --------------------------------------------------------

--
-- Table structure for table `male_character_reference`
--

CREATE TABLE `male_character_reference` (
  `id` int(15) NOT NULL,
  `categories` varchar(30) COLLATE utf8_unicode_ci NOT NULL
) ENGINE=InnoDB DEFAULT CHARSET=utf8 COLLATE=utf8_unicode_ci;

-- --------------------------------------------------------

--
-- Table structure for table `marval_universe`
--

CREATE TABLE `marval_universe` (
  `id` int(15) NOT NULL,
  `categories` varchar(30) COLLATE utf8_unicode_ci NOT NULL
) ENGINE=InnoDB DEFAULT CHARSET=utf8 COLLATE=utf8_unicode_ci;

-- --------------------------------------------------------

--
-- Table structure for table `mystical_and_mythological_beings`
--

CREATE TABLE `mystical_and_mythological_beings` (
  `id` int(15) NOT NULL,
  `categories` varchar(30) COLLATE utf8_unicode_ci NOT NULL
) ENGINE=InnoDB DEFAULT CHARSET=utf8 COLLATE=utf8_unicode_ci;

-- --------------------------------------------------------

--
-- Table structure for table `other_comic_characters`
--

CREATE TABLE `other_comic_characters` (
  `id` int(15) NOT NULL,
  `categories` varchar(30) COLLATE utf8_unicode_ci NOT NULL
) ENGINE=InnoDB DEFAULT CHARSET=utf8 COLLATE=utf8_unicode_ci;

-- --------------------------------------------------------

--
-- Table structure for table `unsorted_images`
--

CREATE TABLE `unsorted_images` (
  `id` int(15) NOT NULL,
  `image` varchar(200) COLLATE utf8_unicode_ci NOT NULL,
  `1st_level_sort` int(15) NOT NULL,
  `date` datetime(6) NOT NULL
) ENGINE=InnoDB DEFAULT CHARSET=utf8 COLLATE=utf8_unicode_ci;

--
-- Dumping data for table `unsorted_images`
--

INSERT INTO `unsorted_images` (`id`, `image`, `1st_level_sort`, `date`) VALUES
(1, '1 (21).png', 5, '2018-06-28 08:53:49.000000'),
(2, '1 (1050).jpg', 5, '2018-06-28 08:53:49.000000'),
(3, '1 (1222).jpg', 5, '2018-06-28 08:53:49.000000'),
(4, '6e28c999fca82c18f083dfb8d377ecc1.jpg', 11, '2018-06-28 08:53:49.000000'),
(5, '6e99e287243ef7bad33915f9847e7603.jpg', 11, '2018-06-28 08:53:49.000000'),
(6, '951b55125227cddb7f95483eb92cfde5.jpg', 11, '2018-06-28 08:53:49.000000'),
(7, '15110371_1228964990512277_6143779727991498575_o.jpg', 1, '2018-06-28 08:53:49.000000'),
(8, '18556186_1499009106841196_4919306071142657691_n.jpg', 2, '2018-06-28 08:53:49.000000'),
(9, '19225928_1533354030073370_6019938871867025571_n.jpg', 2, '2018-06-28 08:53:49.000000'),
(10, '21369422_1641089125966526_8988041598625515040_n.jpg', 2, '2018-06-28 08:53:49.000000'),
(11, '21433013_1644637055611733_6900664231555143589_n.jpg', 1, '2018-06-28 08:59:28.000000'),
(12, '21433130_1645774422164663_7671721426214759021_n.jpg', 1, '2018-06-28 08:59:29.000000'),
(13, '21462512_1645800805495358_4500741439180373091_n.jpg', 1, '2018-06-28 08:59:29.000000'),
(14, '22141161_1673275546081217_2079610342763819620_n.jpg', 11, '2018-06-28 08:59:29.000000'),
(15, '22406520_1688984334510338_2191609326982072205_n.jpg', 2, '2018-06-28 08:59:29.000000'),
(16, '27867594_150260712303551_8331621372732707197_n.jpg', 2, '2018-06-28 08:59:29.000000'),
(17, '28661025_1880276968714406_387326878591940343_n.jpg', 5, '2018-06-28 08:59:29.000000'),
(18, '30594269_2033622203545598_5053937267593183232_n.jpg', 5, '2018-06-28 08:59:29.000000'),
(19, '31959200_169647347031554_1580660072164360192_o.jpg', 2, '2018-06-28 08:59:29.000000'),
(20, '32079701_1699145720165973_1411459801178701824_o.jpg', 2, '2018-06-28 08:59:29.000000'),
(21, '32104809_988099404687979_6396141550052573184_n.jpg', 7, '2018-06-28 08:59:29.000000'),
(22, '32157750_988099084688011_8128403384966316032_n.jpg', 2, '2018-06-28 08:59:29.000000'),
(23, '32247221_1171407276343685_5924089910821650432_n.jpg', 5, '2018-06-28 08:59:29.000000'),
(24, '32862215_1175313135953099_5035834925333348352_n.jpg', 4, '2018-06-28 08:59:29.000000'),
(25, '32866297_172002690129353_3818356901171691520_n.jpg', 2, '2018-06-28 08:59:29.000000'),
(26, '33095518_2051821821725636_1432802378435788800_o.jpg', 5, '2018-06-28 09:05:26.000000'),
(27, '33138468_1177686125715800_296965519293022208_n.jpg', 6, '2018-06-28 09:05:26.000000'),
(28, '33398274_1178915298926216_7278334240742178816_n.jpg', 5, '2018-06-28 09:05:26.000000'),
(29, '33653565_1180329682118111_6513029200977330176_n.jpg', 9, '2018-06-28 09:05:26.000000'),
(30, '34063319_1182726231878456_5040978449318019072_n.jpg', 7, '2018-06-28 09:05:26.000000'),
(31, '34188174_1183916555092757_1506147758287880192_n.jpg', 13, '2018-06-28 09:05:26.000000'),
(32, '34380041_1184495868368159_8846991528581660672_n.jpg', 13, '2018-06-28 09:05:26.000000'),
(33, '34463904_1833560123617948_4851384685768474624_o.jpg', 13, '2018-06-28 09:05:26.000000'),
(34, '34502305_1833560246951269_4861380109753384960_o.jpg', 5, '2018-06-28 09:05:26.000000'),
(35, '34618103_1185733174911095_513899717504008192_n.jpg', 4, '2018-06-28 09:05:26.000000'),
(36, '34782940_2158385831060767_5155700835430170624_o.jpg', 1, '2018-06-28 09:05:26.000000'),
(37, '35077304_1039145396237523_6580410885594939392_o.jpg', 5, '2018-06-28 09:05:26.000000'),
(38, '35081015_1189797544504658_2907362258579357696_n.jpg', 5, '2018-06-28 09:05:26.000000'),
(39, '35135051_547279222335046_7617506880394362880_n.jpg', 11, '2018-06-28 09:05:26.000000'),
(40, '35187059_186336228734883_2149614286786265088_n.jpg', 1, '2018-06-28 09:05:26.000000'),
(41, '35228520_2118345371780961_3783974429541793792_o.jpg', 7, '2018-06-28 09:05:26.000000'),
(42, '35266435_583997778639231_4518140655762931712_o.jpg', 13, '2018-06-28 09:05:26.000000'),
(43, '35285795_2150507508525504_6696031821815087104_n.jpg', 6, '2018-06-28 09:05:26.000000'),
(44, '35294701_584713788567630_4995282612923662336_o.jpg', 5, '2018-06-28 09:05:26.000000'),
(45, '35327440_493313341085268_7218739546580582400_n.jpg', 5, '2018-06-28 09:05:26.000000'),
(46, '35329427_2118784351737063_8943408459135582208_o.jpg', 5, '2018-06-28 09:17:05.000000'),
(47, '35381402_2151142655128656_8980604224538673152_n.jpg', 5, '2018-06-28 09:17:05.000000'),
(48, '35393755_596214380756354_8995905144314920960_o.jpg', 5, '2018-06-28 09:17:05.000000'),
(49, '35407433_596221917422267_8793435219135823872_o.jpg', 5, '2018-06-28 09:17:05.000000'),
(50, '35408712_2153909041518684_1310935391536152576_n.jpg', 6, '2018-06-28 09:17:05.000000'),
(51, '35474704_494788200937782_3912268882244534272_n.jpg', 7, '2018-06-28 09:17:05.000000'),
(52, '35477862_597715540606238_3491586976019120128_n.png', 5, '2018-06-28 09:17:05.000000'),
(53, '35488769_1024967861000348_5411723758635319296_n.jpg', 2, '2018-06-28 09:17:05.000000'),
(54, '35511983_1601052073341130_3515709646952202240_o.jpg', 13, '2018-06-28 09:17:05.000000'),
(55, '35516869_2121899441425554_7160369351890042880_o.jpg', 13, '2018-06-28 09:17:05.000000'),
(56, '35522451_2123964477885717_4439318818946285568_o.jpg', 5, '2018-06-28 09:17:05.000000'),
(57, '35524877_2254176911265429_3713196903261798400_o.jpg', 6, '2018-06-28 09:17:05.000000'),
(58, '35545804_1884677048260513_5670307835263582208_n.jpg', 2, '2018-06-28 09:17:05.000000'),
(59, '35547549_2151970608379194_669035005682384896_n.jpg', 13, '2018-06-28 09:17:05.000000'),
(60, '35548185_2120991988182966_4202428239878029312_o.jpg', 5, '2018-06-28 09:17:05.000000'),
(61, '35553413_2124189047822461_957624810467229696_o.jpg', 1, '2018-06-28 09:17:05.000000'),
(62, '35629110_1601070646672606_7937395219966722048_n.jpg', 5, '2018-06-28 09:17:05.000000'),
(63, '35629150_1195789840572095_2193855061275181056_n.jpg', 5, '2018-06-28 09:17:05.000000'),
(64, '35634132_2122894964659335_4510494836586971136_o.jpg', 6, '2018-06-28 09:17:05.000000'),
(65, '35644374_2127254544223377_2357464130950004736_n.jpg', 5, '2018-06-28 09:17:05.000000'),
(66, '35665619_2126195180995980_3762933088405946368_o.jpg', 13, '2018-06-28 09:21:52.000000'),
(67, '35671702_1257018314435361_2026429298977538048_o.jpg', 14, '2018-06-28 09:21:52.000000'),
(68, '35671752_2125203114428520_3265590057511157760_o.jpg', 7, '2018-06-28 09:21:52.000000'),
(69, '35705851_2487249824625904_7020249153414365184_n.jpg', 11, '2018-06-28 09:21:52.000000'),
(70, '35728748_2162599387089166_5457905239866736640_n.jpg', 2, '2018-06-28 09:21:52.000000'),
(71, '35738982_2122902304658601_4550037071472885760_n.jpg', 4, '2018-06-28 09:21:52.000000'),
(72, '35739007_599493137095145_7265549338577731584_n.png', 13, '2018-06-28 09:21:52.000000'),
(73, '35744055_2122892224659609_3048980236705202176_n.jpg', 7, '2018-06-28 09:21:52.000000'),
(74, '35744103_2162599830422455_1707141004991135744_n.jpg', 2, '2018-06-28 09:21:52.000000'),
(75, '35771056_2123800514568780_9017042031293235200_o.jpg', 4, '2018-06-28 09:21:52.000000'),
(76, '35814925_2125124871103011_4741744031946506240_o.jpg', 5, '2018-06-28 09:21:52.000000'),
(77, '35824584_2124969057785259_5637393014088269824_o.jpg', 5, '2018-06-28 09:21:52.000000'),
(78, '35824646_2254103371272783_2960211775322062848_o.jpg', 6, '2018-06-28 09:21:52.000000'),
(79, '35836750_2125201587762006_6027815024582459392_o.jpg', 5, '2018-06-28 09:21:52.000000'),
(80, '35836927_2122890851326413_8372064713688743936_o.jpg', 6, '2018-06-28 09:21:52.000000'),
(81, '35849148_2125206597761505_3941426320000417792_o.jpg', 13, '2018-06-28 09:21:52.000000'),
(82, '35849194_2123799717902193_3946159807752306688_o.jpg', 6, '2018-06-28 09:21:52.000000'),
(83, '35855904_2123792667902898_5842372355514433536_o.jpg', 13, '2018-06-28 09:21:52.000000'),
(84, '35884234_2124967044452127_98850596462788608_o.jpg', 7, '2018-06-28 09:21:52.000000'),
(85, '35884317_2126066527675512_2876628207048589312_o.jpg', 4, '2018-06-28 09:21:52.000000'),
(86, '35887005_2072974729610345_7942437752090394624_o.jpg', 5, '2018-06-28 09:27:02.000000'),
(87, '35891924_1126094524220040_5611124818012274688_n.jpg', 9, '2018-06-28 09:27:02.000000'),
(88, '35900552_2047966721945429_2129856376367742976_n.jpg', 2, '2018-06-28 09:27:02.000000'),
(89, '35901373_2127341377548027_6847911460358586368_o.jpg', 5, '2018-06-28 09:27:02.000000'),
(90, '35922706_2126189620996536_5902576333736640512_o.jpg', 7, '2018-06-28 09:27:02.000000'),
(91, '35923051_672146889791870_2445069824427032576_o.jpg', 2, '2018-06-28 09:27:02.000000'),
(92, '35923749_2126086814340150_8661188073670836224_n.jpg', 13, '2018-06-28 09:27:02.000000'),
(93, '35925297_2070507239857094_1252293346890612736_o.jpg', 14, '2018-06-28 09:27:02.000000'),
(94, '35927109_2126084091007089_6608611365982568448_o.jpg', 13, '2018-06-28 09:27:02.000000'),
(95, '35932392_2126279707654194_7904761435681456128_n.jpg', 15, '2018-06-28 09:27:02.000000'),
(96, '35949085_2126270117655153_8457972628068499456_o.jpg', 5, '2018-06-28 09:27:02.000000'),
(97, '35963559_2126193124329519_1672761767471611904_o.jpg', 14, '2018-06-28 09:27:02.000000'),
(98, '35970777_1032708866892914_4774929221313101824_n.jpg', 13, '2018-06-28 09:27:02.000000'),
(99, '35971188_2125120471103451_2702586386933874688_o.jpg', 5, '2018-06-28 09:27:02.000000'),
(100, '082826513cc570a219441cf64ef82806.jpg', 11, '2018-06-28 09:27:02.000000'),
(101, '35971991_2218376534843770_6158616600019730432_n.jpg', 11, '2018-06-28 09:27:02.000000'),
(102, '35973107_2127104260905072_5486152307764625408_o.jpg', 5, '2018-06-28 09:27:02.000000'),
(103, '35975609_2125247934424038_3902576627116146688_o.jpg', 13, '2018-06-28 09:27:02.000000'),
(104, '35988504_10157554292283452_4929572271879618560_n.jpg', 5, '2018-06-28 09:27:02.000000'),
(105, '35992745_2218376704843753_4500032944793976832_n.jpg', 11, '2018-06-28 09:27:02.000000'),
(106, '35992935_1201083683376044_832611115778179072_n.jpg', 5, '2018-06-28 09:29:39.000000'),
(107, '36002628_1032708690226265_2575419380326203392_n.jpg', 14, '2018-06-28 09:29:39.000000'),
(108, '36002944_2127101297572035_95889847872389120_o.jpg', 5, '2018-06-28 09:29:39.000000'),
(109, '36025792_1032708756892925_1694574489028788224_n.jpg', 5, '2018-06-28 09:29:39.000000'),
(110, '36031379_2127259417556223_8604684046565376000_o.jpg', 13, '2018-06-28 09:29:39.000000'),
(111, '36036792_2127017817580383_3692960533486501888_o.jpg', 3, '2018-06-28 09:29:39.000000'),
(112, '36040203_2127103087571856_6027217435717795840_o.jpg', 14, '2018-06-28 09:29:39.000000'),
(113, '36052222_646765635673053_3069349071861841920_n.jpg', 5, '2018-06-28 09:29:39.000000'),
(114, '36063168_602841713417281_4490826553545981952_n.png', 6, '2018-06-28 09:29:39.000000'),
(115, '36064175_2130693713838661_3335330164505575424_o.jpg', 1, '2018-06-28 09:29:39.000000'),
(116, '36064190_1047099248779419_3581522328476975104_n.jpg', 5, '2018-06-28 09:29:39.000000'),
(117, '36064191_672155176457708_1711037291947884544_o.jpg', 1, '2018-06-28 09:29:39.000000'),
(118, '36064356_2009381566057349_6606368946377457664_o.jpg', 5, '2018-06-28 09:29:39.000000'),
(119, '36086957_2073307559577062_7786116486002638848_n.jpg', 5, '2018-06-28 09:29:39.000000'),
(120, '36176558_641663566195568_363371387340980224_n.jpg', 5, '2018-06-28 09:29:39.000000'),
(121, '36176731_1125913817571444_227077356185976832_n.jpg', 5, '2018-06-28 09:29:39.000000'),
(122, '36176894_10211691367575954_3708129889824538624_o.jpg', 5, '2018-06-28 09:29:39.000000'),
(123, '36177252_10211693367745957_5939467066267402240_n.jpg', 1, '2018-06-28 09:29:39.000000'),
(124, '36177442_500909320325670_8050364632356880384_o.jpg', 4, '2018-06-28 09:29:39.000000'),
(125, '36188005_1032709253559542_6026793921877639168_n.jpg', 1, '2018-06-28 09:29:39.000000'),
(126, '36188067_2048849628769514_6229193813320007680_o.jpg', 2, '2018-06-28 09:31:13.000000'),
(127, '36188983_1032709193559548_7082256446670241792_n.jpg', 1, '2018-06-28 09:31:13.000000'),
(128, '36199888_2043066422676882_4779789522269372416_n.jpg', 5, '2018-06-28 09:31:13.000000'),
(129, '36223748_1032709210226213_6782820294684835840_n.jpg', 5, '2018-06-28 09:31:13.000000'),
(130, 'a55a1af3a9b80ad193bb5c4b15f4052b.jpg', 11, '2018-06-28 09:31:13.000000'),
(131, 'aacf5fe3e92c45a3054d56959f22080e.jpg', 11, '2018-06-28 09:31:13.000000'),
(132, 'b379300efdbd527f12ab8850d1b73352.jpg', 11, '2018-06-28 09:31:13.000000'),
(133, 'bfbb1e1d489085d5cc6f25214088fdac.jpg', 11, '2018-06-28 09:31:13.000000'),
(134, 'fe78e36b7b75b083b3cf51dc00f88116.jpg', 2, '2018-06-28 09:31:13.000000'),
(135, 'tumblr_p9dfyaGqwg1uemr9po1_540.jpg', 2, '2018-06-28 09:31:13.000000'),
(136, 'tumblr_pa454mUH7N1xt8qrio1_540.jpg', 11, '2018-06-28 09:31:13.000000'),
(137, '1cbf6bad28a8e76034a289237fdef19b.jpg', 11, '2018-06-28 09:36:04.000000'),
(138, '9b99b3d5bc865258ef285f7e297ee087.jpg', 11, '2018-06-28 09:37:46.000000'),
(139, 'f4748ee3bf3feb2cf3caff28a72516d1.jpg', 11, '2018-06-28 09:38:05.000000'),
(140, '9f4ddc24a587cb2ebe77c9e32b095cf8.jpg', 11, '2018-06-28 09:38:23.000000'),
(141, '146e0663b616aa3a25fece9e07d069bf.jpg', 11, '2018-06-28 09:38:35.000000'),
(142, '95584ee1-86b4-4f7f-950b-9c0b7a98b704.png', 5, '2018-06-28 09:39:43.000000'),
(143, '43755380-a013-4e7d-89f3-be1c5bd47280.jpg', 5, '2018-06-28 09:40:03.000000'),
(144, '4f8987bd-cce6-496b-b267-ff34caa6b76f.jpg', 11, '2018-06-28 09:40:14.000000'),
(145, '47f85634-41cf-4bc4-b5f9-4eb0f20d249b.jpg', 11, '2018-06-28 09:40:24.000000'),
(146, '34859938_2237748002908320_3364973517681459200_n.jpg', 6, '2018-06-28 10:39:13.000000'),
(147, '35628311_2254212104595243_1023112100974690304_o.jpg', 9, '2018-06-28 10:39:13.000000'),
(148, '35694833_2257018694314584_513055352703418368_o.jpg', 9, '2018-06-28 10:39:13.000000'),
(149, '35705851_2255952697754517_8086938516560281600_o.jpg', 6, '2018-06-28 10:39:13.000000'),
(150, '35733538_2257738534242600_6799613067056381952_n.jpg', 13, '2018-06-28 10:39:13.000000'),
(151, '35736049_2257019670981153_8227154544346267648_o.jpg', 15, '2018-06-28 10:39:13.000000'),
(152, '35737136_2257013747648412_1287519599205548032_n.jpg', 14, '2018-06-28 10:39:13.000000'),
(153, '35745600_2254211391261981_8752015542375677952_o.jpg', 9, '2018-06-28 10:39:13.000000'),
(154, '35749765_2257723424244111_5803422241999814656_n.jpg', 6, '2018-06-28 10:39:13.000000'),
(155, '35785583_2255951921087928_9150931383273652224_o.jpg', 13, '2018-06-28 10:39:13.000000'),
(156, '35796798_2257725764243877_1573131595789893632_o.jpg', 6, '2018-06-28 10:39:13.000000'),
(157, '35801587_2257722384244215_8698182057215393792_n.jpg', 9, '2018-06-28 10:39:13.000000'),
(158, '35807857_2257723900910730_5823050306967044096_o.jpg', 13, '2018-06-28 10:39:13.000000'),
(159, '35820155_2257017837648003_7808697259381489664_n.jpg', 13, '2018-06-28 10:39:13.000000'),
(160, '35840491_2259064607443326_1111901006402158592_o.jpg', 6, '2018-06-28 10:39:13.000000'),
(161, '35859347_2257014717648315_7208422768847618048_n.jpg', 6, '2018-06-28 10:39:13.000000'),
(162, '35882469_2257728457576941_4185277542111903744_o.jpg', 9, '2018-06-28 10:39:13.000000'),
(163, '35932134_2257015530981567_1710130379538563072_o.jpg', 9, '2018-06-28 10:39:13.000000'),
(164, '35963562_2261657933850660_2220390992727506944_n.jpg', 4, '2018-06-28 10:39:13.000000'),
(165, '35972447_2259060400777080_930071023305359360_o.jpg', 5, '2018-06-28 10:39:13.000000'),
(166, '35992910_2259059184110535_8816294649992839168_o.jpg', 6, '2018-06-28 10:40:05.000000'),
(167, '36038387_1877130162351411_5503202344382234624_o.jpg', 5, '2018-06-28 10:40:05.000000'),
(168, '36087334_2264703383546115_5679846029915062272_o.jpg', 14, '2018-06-28 10:40:05.000000'),
(169, '36187964_1877037632360664_8453816809122955264_n.jpg', 16, '2018-06-28 10:40:05.000000'),
(170, '36222680_1033478056815995_9017757396751089664_n.jpg', 2, '2018-06-28 10:40:05.000000'),
(171, '36223887_1033477880149346_8388803146134061056_n.jpg', 2, '2018-06-28 10:40:05.000000'),
(172, '36226186_1033477920149342_8836768239401828352_n.jpg', 2, '2018-06-28 10:40:05.000000'),
(173, '36261002_2131446320430067_7453486898313428992_o.jpg', 1, '2018-06-28 10:40:05.000000'),
(174, '36264063_1033478303482637_8149233503905513472_n.jpg', 2, '2018-06-28 10:40:05.000000'),
(175, '36293796_893148977548890_1656164218543538176_n.jpg', 5, '2018-06-28 10:40:05.000000'),
(176, '36316691_517167305366465_1220364654501429248_n.jpg', 14, '2018-06-28 10:40:05.000000'),
(177, 'dragon-awaken-feat.jpg', 7, '2018-06-28 10:40:05.000000'),
(178, '4b5fea78-4587-4565-a68f-bbacb2aef4dd.jpg', 11, '2018-06-28 12:54:00.000000'),
(179, '915ee09e-a80a-469a-86ac-5343f4dffe23.jpg', 5, '2018-06-28 12:54:00.000000'),
(180, '61073622-069b-451b-bdbd-303240866a37.jpg', 13, '2018-06-28 12:54:00.000000'),
(181, 'd39e7600-4b85-4a42-a2d5-2b84d7b13cdc.jpg', 3, '2018-06-28 12:54:00.000000'),
(182, '7e866eb2ced16634098e2efbd084a94a.jpg', 11, '2018-06-28 12:54:50.000000'),
(183, '9b2a26a455cf4ac3e17abb494f707fd7.jpg', 11, '2018-06-28 12:54:50.000000'),
(184, '068af144bbac070a88b19d3d77821b05.jpg', 11, '2018-06-28 12:54:50.000000'),
(185, '679543f1669fa71477bb95b0717fac4c.jpg', 11, '2018-06-28 12:54:50.000000'),
(186, 'a66df981e0d2fae3e15da858adaebba7.jpg', 11, '2018-06-28 12:54:50.000000'),
(187, 'a06439eaa0decebb6b840c6f62c39062.jpg', 11, '2018-06-28 12:54:50.000000'),
(188, 'a0714642b955c7250dc0ca718b157fb3.jpg', 5, '2018-06-28 12:54:50.000000'),
(189, 'aff9619faaa5dcc54f5c10748ce04562.jpg', 11, '2018-06-28 12:54:50.000000'),
(190, 'bf376988a61b9422ebe3d294e74d994c.jpg', 11, '2018-06-28 12:54:50.000000'),
(191, 'f7ee10b8a38c02e3469a840b205b1643.jpg', 11, '2018-06-28 12:54:50.000000'),
(192, '20589403_123380804952359_2148540630861611008_n.jpg', 11, '2018-06-28 12:55:39.000000'),
(193, '20633273_134027677202115_4703990122658398208_n.jpg', 11, '2018-06-28 12:55:39.000000'),
(194, '33027194_146888242836605_8465645170530975744_n.jpg', 11, '2018-06-28 12:55:39.000000'),
(195, '33152332_1678572835623390_6576476205925531648_n.jpg', 11, '2018-06-28 12:55:39.000000'),
(196, '33210429_1548063581987707_7512553646505066496_n.jpg', 11, '2018-06-28 12:55:39.000000'),
(197, '33569528_2139894572692879_973320283119157248_n.jpg', 11, '2018-06-28 12:55:39.000000'),
(198, '34460644_648624348810437_4518571243414224896_n.jpg', 11, '2018-06-28 12:55:39.000000'),
(199, '34790089_765141120543143_4501134526595989504_n.jpg', 11, '2018-06-28 12:55:39.000000'),
(200, '34817947_307265113146799_5518669926069436416_n.jpg', 11, '2018-06-28 12:55:39.000000'),
(201, '35000882_384460598717108_3281333290199416832_n.jpg', 11, '2018-06-28 12:55:39.000000'),
(202, '35378571_2116150645322254_4450622030408056832_n.jpg', 11, '2018-06-28 12:55:39.000000'),
(203, '35549373_188288438541452_6880945067444404224_n.jpg', 11, '2018-06-28 12:55:39.000000'),
(204, 'FB_IMG_1529260145972.jpg', 2, '2018-06-28 12:56:50.000000'),
(205, 'FB_IMG_1529260473191.jpg', 2, '2018-06-28 12:56:50.000000'),
(206, 'FB_IMG_1529260627062.jpg', 2, '2018-06-28 12:56:50.000000'),
(207, 'FB_IMG_1529345661085.jpg', 16, '2018-06-28 12:56:50.000000'),
(208, 'FB_IMG_1529345868627.jpg', 1, '2018-06-28 12:56:50.000000'),
(209, 'FB_IMG_1529345878099.jpg', 1, '2018-06-28 12:56:50.000000'),
(210, 'FB_IMG_1529345887240.jpg', 13, '2018-06-28 12:56:50.000000'),
(211, 'FB_IMG_1529346000383.jpg', 13, '2018-06-28 12:56:50.000000'),
(212, 'FB_IMG_1529346024022.jpg', 2, '2018-06-28 12:56:50.000000'),
(213, 'FB_IMG_1529346262047.jpg', 1, '2018-06-28 12:56:50.000000'),
(214, 'FB_IMG_1529346282880.jpg', 6, '2018-06-28 12:56:51.000000'),
(215, '05190992027b19d1ab5b24ce3b1ec914.jpg', 11, '2018-06-28 12:56:51.000000'),
(216, 'FB_IMG_1529346459487.jpg', 3, '2018-06-28 12:56:51.000000'),
(217, 'FB_IMG_1529346640935.jpg', 5, '2018-06-28 12:56:51.000000'),
(218, 'FB_IMG_1529346852814.jpg', 5, '2018-06-28 12:56:51.000000'),
(219, 'FB_IMG_1529418710323.jpg', 9, '2018-06-28 12:56:51.000000'),
(220, 'FB_IMG_1529418885557.jpg', 1, '2018-06-28 12:56:51.000000'),
(221, 'FB_IMG_1529418891443.jpg', 6, '2018-06-28 12:56:51.000000'),
(222, 'FB_IMG_1529418908791.jpg', 16, '2018-06-28 12:56:51.000000'),
(223, 'FB_IMG_1529418917224.jpg', 11, '2018-06-28 12:56:51.000000'),
(224, 'FB_IMG_1529419056523.jpg', 2, '2018-06-28 12:58:54.000000'),
(225, 'FB_IMG_1529419062944.jpg', 17, '2018-06-28 12:58:54.000000'),
(226, 'FB_IMG_1529419128859.jpg', 3, '2018-06-28 12:58:54.000000'),
(227, 'FB_IMG_1529419388923.jpg', 13, '2018-06-28 12:58:54.000000'),
(228, 'FB_IMG_1529419464712.jpg', 5, '2018-06-28 12:58:54.000000'),
(229, 'FB_IMG_1529419542884.jpg', 6, '2018-06-28 12:58:54.000000'),
(230, 'FB_IMG_1529457548818.jpg', 6, '2018-06-28 12:58:54.000000'),
(231, 'FB_IMG_1529457557511.jpg', 6, '2018-06-28 12:58:54.000000'),
(232, 'FB_IMG_1529457625615.jpg', 9, '2018-06-28 12:58:54.000000'),
(233, 'FB_IMG_1529457678241.jpg', 11, '2018-06-28 12:58:54.000000'),
(234, 'FB_IMG_1529457683077.jpg', 5, '2018-06-28 12:58:54.000000'),
(235, 'FB_IMG_1529462536269.jpg', 6, '2018-06-28 12:58:54.000000'),
(236, 'FB_IMG_1529462577003.jpg', 1, '2018-06-28 12:58:54.000000'),
(237, 'FB_IMG_1529462586735.jpg', 13, '2018-06-28 12:58:54.000000'),
(238, 'FB_IMG_1529462601661.jpg', 9, '2018-06-28 12:58:54.000000'),
(239, 'FB_IMG_1529462680402.jpg', 6, '2018-06-28 12:58:54.000000'),
(240, 'FB_IMG_1529513216133.jpg', 3, '2018-06-28 12:58:54.000000'),
(241, 'FB_IMG_1529513310331.jpg', 7, '2018-06-28 12:58:54.000000'),
(242, 'FB_IMG_1529513368737.jpg', 7, '2018-06-28 12:58:55.000000'),
(243, 'FB_IMG_1529513594768.jpg', 5, '2018-06-28 12:58:55.000000'),
(244, 'FB_IMG_1529513770859.jpg', 9, '2018-06-28 12:59:18.000000'),
(245, '35617884_687143384954895_4562790805059665920_n.jpg', 11, '2018-06-29 10:10:12.000000'),
(246, '35354806_2079666862301732_2567160282770046976_n.jpg', 11, '2018-06-29 10:10:30.000000'),
(247, '35948771_209339763121419_7030258939769913344_n.jpg', 11, '2018-06-29 10:10:40.000000'),
(248, '35290715_164686581057024_7510970328286232576_n.jpg', 11, '2018-06-29 10:10:52.000000'),
(249, '36113687_2075607169363093_921791559014285312_n.jpg', 11, '2018-06-29 10:11:06.000000'),
(250, '35484219_767108167013132_4116448389091033088_n.jpg', 11, '2018-06-29 10:11:15.000000'),
(251, '35617830_1849820631986230_8614960666354122752_n.jpg', 11, '2018-06-29 10:13:00.000000'),
(252, '34864007_179048806120621_6376425567104794624_n.jpg', 11, '2018-06-29 10:13:12.000000'),
(253, '35424031_188600601745203_9120759654631079936_n.jpg', 11, '2018-06-29 10:13:51.000000'),
(254, '35616440_2126325590935678_9105955903089147904_n.jpg', 11, '2018-06-29 10:14:01.000000'),
(255, '35166433_459125504590075_5522879818653237248_n.jpg', 11, '2018-06-29 10:14:09.000000'),
(256, '35989918_440547566409655_4224041004937773056_n.jpg', 11, '2018-06-29 10:14:33.000000'),
(257, '34589143_2098918793696488_5118540671010996224_n.jpg', 11, '2018-06-29 10:14:44.000000'),
(258, '34311464_1662805997148531_6276575673486147584_n.jpg', 11, '2018-06-29 10:14:53.000000'),
(259, '35256110_489717908151820_454969244329705472_n.jpg', 11, '2018-06-29 10:15:02.000000'),
(260, '35616283_240684633406349_4690928285297672192_n.jpg', 11, '2018-06-29 10:15:14.000000'),
(261, '35155939_471090463349205_4617906183338983424_n.jpg', 11, '2018-06-29 10:15:30.000000'),
(262, '1 (2).gif', 11, '2018-06-29 10:15:34.000000'),
(263, '34669404_1957924020885517_4872096804776181760_n.jpg', 11, '2018-06-29 11:59:54.000000'),
(264, '34702794_413359055796777_5784343164047327232_n.jpg', 11, '2018-06-29 11:59:54.000000'),
(265, '34759096_223335711798886_4460643237081645056_n.jpg', 11, '2018-06-29 11:59:54.000000'),
(266, '34830725_193407681359792_5468316519765114880_n.jpg', 11, '2018-06-29 11:59:54.000000'),
(267, '34837363_181099052744769_5204347846932824064_n.jpg', 11, '2018-06-29 11:59:54.000000'),
(268, '34860185_234533687144621_1574113725961469952_n.jpg', 11, '2018-06-29 11:59:54.000000'),
(269, '34875559_178485829673647_5337622090876977152_n.jpg', 11, '2018-06-29 11:59:54.000000'),
(270, '34904390_189244568448806_5342606756906270720_n.jpg', 11, '2018-06-29 11:59:54.000000'),
(271, '34982520_388373898349622_5011180541743988736_n.jpg', 11, '2018-06-29 11:59:54.000000'),
(272, '34983022_254228308682807_8524374892638896128_n.jpg', 11, '2018-06-29 11:59:54.000000'),
(273, '34983219_1774475612640364_266014941280993280_n.jpg', 11, '2018-06-29 11:59:54.000000'),
(274, '34983526_482631608833868_4023479204879269888_n.jpg', 11, '2018-06-29 11:59:54.000000'),
(275, '35000621_181447122538376_4012412689065181184_n.jpg', 11, '2018-06-29 11:59:54.000000'),
(276, '35000926_615543002157483_3657396022432235520_n.jpg', 11, '2018-06-29 11:59:54.000000'),
(277, '35132909_368421653680093_5572514320446652416_n.jpg', 11, '2018-06-29 11:59:54.000000'),
(278, '35166316_834582833417977_3928343463069745152_n.jpg', 11, '2018-06-29 11:59:54.000000'),
(279, '35166327_1454387861329965_3655601890038644736_n.jpg', 11, '2018-06-29 11:59:54.000000'),
(280, '35166369_400624067119740_3965424277968125952_n.jpg', 11, '2018-06-29 11:59:54.000000'),
(281, '35171246_400726190410747_4605356370504450048_n.jpg', 11, '2018-06-29 11:59:54.000000'),
(282, '35254382_237459910177330_2796072852711800832_n.jpg', 11, '2018-06-29 11:59:54.000000'),
(283, '1 (3).jpg', 11, '2018-06-29 12:44:26.000000'),
(284, '36137530_390122128142414_6401033530687619072_o.jpg', 1, '2018-06-29 01:24:10.000000'),
(285, '36321456_2081514152101595_7961582736316039168_o.jpg', 2, '2018-06-29 01:24:10.000000'),
(286, '36370385_1035723023258165_7528645901120700416_n.jpg', 2, '2018-06-29 01:24:10.000000'),
(287, '31254724-11a8-40a1-8412-71e61d29046f.jpg', 5, '2018-07-02 05:47:39.359414'),
(288, 'a8c8f30e-95f4-456b-a16b-2954737e0f6e.jpg', 5, '2018-07-02 05:48:10.258398'),
(289, 'bd693e14-f937-4061-b312-711dd6b4ba5f.jpg', 2, '2018-07-02 05:49:22.710756'),
(290, 'Bkf2u5thg_D.jpg', 11, '2018-07-02 06:01:21.351226'),
(291, 'Bkf2un4BOL5.jpg', 11, '2018-07-02 06:04:06.101109'),
(292, 'Bkh8a3-Dfc2.jpg', 11, '2018-07-02 06:11:09.117226'),
(293, 'BkiHP8GHOgx.jpg', 11, '2018-07-02 12:43:11.000000'),
(294, 'BkjEjH0l62X.jpg', 11, '2018-07-02 12:45:59.000000'),
(295, 'Bkl_MEfBU8Y.jpg', 11, '2018-07-02 01:01:41.000000'),
(296, 'Bkl_MiwBZaB.jpg', 11, '2018-07-02 01:01:41.000000'),
(297, 'Bkl_MTRhZd0.jpg', 11, '2018-07-02 01:01:41.000000'),
(298, 'BklkC-XjT4D.jpg', 11, '2018-07-02 01:01:41.000000'),
(299, 'BklkDO0jh9k.jpg', 11, '2018-07-02 01:01:41.000000'),
(300, 'Bkllj9Kn0oi.jpg', 11, '2018-07-02 01:01:41.000000'),
(301, 'Bklx3f5h-7m.jpg', 11, '2018-07-02 01:01:41.000000'),
(302, 'Bkm43NhDzqI.jpg', 11, '2018-07-02 01:01:41.000000'),
(303, 'BkmsmyOnB2X.jpg', 11, '2018-07-02 01:01:41.000000'),
(304, 'Bkn3yACldjq.jpg', 11, '2018-07-02 01:01:41.000000'),
(305, 'BkneuJKHn_W.jpg', 11, '2018-07-02 01:03:27.000000'),
(306, 'BkneuJoHwPZ.jpg', 11, '2018-07-02 01:03:27.000000'),
(307, 'BkneuLJnkKj.jpg', 11, '2018-07-02 01:03:27.000000'),
(308, 'BknhSqlHcw8.jpg', 11, '2018-07-02 01:03:27.000000'),
(309, 'BkoP92QlA-s.jpg', 11, '2018-07-02 01:03:27.000000'),
(310, 'BkqcCNnns03.jpg', 11, '2018-07-02 01:03:27.000000'),
(311, 'Bkqkq74BKDt.jpg', 11, '2018-07-02 01:03:28.000000'),
(312, 'BkqQdc8FLF2.jpg', 11, '2018-07-02 01:03:28.000000'),
(313, 'Bkra-mQHzqS.jpg', 11, '2018-07-02 01:03:28.000000'),
(314, 'BkrDNypjfMS.jpg', 11, '2018-07-02 01:03:28.000000'),
(315, 'Screenshot_1.jpg', 5, '2018-07-03 10:49:36.000000'),
(316, 'Batman and CAtwoman.jpg', 1, '2018-07-05 11:08:58.000000'),
(317, 'catwoman.jpg', 1, '2018-07-05 11:08:58.000000'),
(318, 'Catwoman2.jpg', 1, '2018-07-05 11:08:58.000000'),
(319, 'hawkgirl.jpg', 1, '2018-07-05 11:08:59.000000'),
(320, 'nightshade.jpg', 1, '2018-07-05 11:08:59.000000'),
(321, 'Nightshade2.jpg', 1, '2018-07-05 11:08:59.000000'),
(322, '10854850_1560100780930794_686299023037764779_o.jpg', 2, '2018-07-06 10:39:41.000000'),
(323, '12932682_1684126521861552_915488343357558442_n.jpg', 2, '2018-07-06 10:39:41.000000'),
(324, '17157411_1402846629778691_3388590532135349415_o.jpg', 13, '2018-07-06 10:39:41.000000'),
(325, '17191828_1403464686383552_4129727442977960061_o.jpg', 7, '2018-07-06 10:39:41.000000'),
(326, '17191974_1403626513034036_323789928088208128_o.jpg', 4, '2018-07-06 10:39:41.000000'),
(327, '17192645_1402845993112088_2978419911821268376_o.jpg', 4, '2018-07-06 10:39:41.000000'),
(328, '17239902_1402844326445588_8852300498843790717_o.jpg', 4, '2018-07-06 10:39:41.000000'),
(329, '17240332_1402841123112575_74707282990316254_o.jpg', 13, '2018-07-06 10:39:41.000000'),
(330, '17240713_1402843649778989_761770357051365818_o.jpg', 17, '2018-07-06 10:39:41.000000'),
(331, '17264726_1402839926446028_219013042183431742_n.jpg', 13, '2018-07-06 10:39:41.000000'),
(332, '19577076_1537767389619658_6604304368724732927_o.png', 5, '2018-07-06 10:39:42.000000'),
(333, '20264892_392178447846738_1698601221017171283_n.jpg', 14, '2018-07-06 10:39:42.000000'),
(334, '22136919_1628566717206391_375559713438313541_o.jpg', 2, '2018-07-06 10:39:42.000000'),
(335, '23117033_426026264461956_3505875490438291740_o.jpg', 6, '2018-07-06 10:39:42.000000'),
(336, '31562397_867442110129912_6470233934622295839_n.jpg', 5, '2018-07-06 10:39:42.000000'),
(337, '32560299_1813313522061826_2175973969960632320_o.jpg', 13, '2018-07-06 10:40:59.000000'),
(338, '32696664_1813788305347681_3136587888687316992_o.jpg', 13, '2018-07-06 10:40:59.000000'),
(339, '32712358_1813789232014255_8114419770314457088_o.jpg', 6, '2018-07-06 10:40:59.000000'),
(340, '32765901_1813788512014327_1298144991813566464_o.jpg', 6, '2018-07-06 10:40:59.000000'),
(341, '32937241_1813788808680964_6997954141389586432_o.jpg', 6, '2018-07-06 10:40:59.000000'),
(342, '33045023_1816591295067382_7309040216071733248_o.jpg', 6, '2018-07-06 10:40:59.000000'),
(343, '33614510_1823423447717500_7777477210826342400_n.jpg', 6, '2018-07-06 10:40:59.000000'),
(344, '33662372_1823423151050863_3428730743822483456_n.png', 6, '2018-07-06 10:40:59.000000'),
(345, '33710706_1824445194281992_3333113115272282112_o.jpg', 14, '2018-07-06 10:40:59.000000'),
(346, '33813101_1874301286195535_3363602254882930688_n.png', 6, '2018-07-06 10:40:59.000000'),
(347, '33836535_1874309366194727_7650889475047817216_o.jpg', 7, '2018-07-06 10:40:59.000000'),
(348, '33844563_1824445584281953_6588276645751160832_n.jpg', 7, '2018-07-06 10:40:59.000000'),
(349, '33849134_1874314899527507_1315189938894929920_o.jpg', 17, '2018-07-06 10:40:59.000000'),
(350, '33851514_1874315199527477_6477322449196154880_o.jpg', 7, '2018-07-06 10:40:59.000000'),
(351, '33870887_1874309712861359_7969937955240280064_o.jpg', 14, '2018-07-06 10:40:59.000000'),
(352, '33872643_1874301742862156_179971228625272832_o.jpg', 6, '2018-07-06 10:40:59.000000'),
(353, '33890820_1874315802860750_1101609453012123648_n.jpg', 13, '2018-07-06 10:40:59.000000'),
(354, '33923415_1874311182861212_4136735697178460160_o.jpg', 6, '2018-07-06 10:40:59.000000'),
(355, '33937648_1874315692860761_117145555120947200_n.jpg', 7, '2018-07-06 10:40:59.000000'),
(356, '33964519_1874313556194308_1387741183588958208_o.jpg', 7, '2018-07-06 10:40:59.000000'),
(357, '34686229_516182995446282_5732082749313908736_o.jpg', 5, '2018-07-06 10:42:44.000000'),
(358, '35349363_520472898350625_1828800806963380224_o.jpg', 4, '2018-07-06 10:42:44.000000'),
(359, '35488003_529657450765503_6393903704587632640_o.jpg', 13, '2018-07-06 10:42:44.000000'),
(360, '35488794_521195674945014_1456924542562729984_o.jpg', 5, '2018-07-06 10:42:44.000000'),
(361, '36462458_608899272811525_8710321872471851008_n.jpg', 13, '2018-07-06 10:42:44.000000'),
(362, '36485886_1915363691860313_6356267155280887808_o.jpg', 14, '2018-07-06 10:42:44.000000'),
(363, '36490077_1901809173444746_934851326200774656_n.jpg', 7, '2018-07-06 10:42:44.000000'),
(364, '36511080_1041136196050181_4703668421017993216_n.jpg', 2, '2018-07-06 10:42:44.000000'),
(365, '36515855_1901808573444806_7538508902673940480_n.jpg', 7, '2018-07-06 10:42:44.000000'),
(366, '36520171_1920070524722963_2216999592061304832_o.jpg', 6, '2018-07-06 10:42:44.000000'),
(367, '36525276_1938499939540758_169623986689277952_n.jpg', 17, '2018-07-06 10:42:45.000000'),
(368, '36527999_1915348461861836_6816451155627868160_o.jpg', 13, '2018-07-06 10:42:45.000000'),
(369, '36533206_1041136509383483_1145455300963205120_n.jpg', 1, '2018-07-06 10:42:45.000000'),
(370, '36538523_608900052811447_7854022521702580224_o.jpg', 14, '2018-07-06 10:42:45.000000'),
(371, '36541216_2075089162730619_6039444833947353088_o.jpg', 13, '2018-07-06 10:42:45.000000'),
(372, '36542160_1915346248528724_6238065012435320832_o.jpg', 10, '2018-07-06 10:42:45.000000'),
(373, '36543495_1938498626207556_8150599780247011328_n.jpg', 9, '2018-07-06 10:42:45.000000'),
(374, '36543672_1916306728432676_5466387894765617152_o.jpg', 7, '2018-07-06 10:42:45.000000'),
(375, '36555223_1901820173443646_7370839637205450752_o.jpg', 6, '2018-07-06 10:42:45.000000'),
(376, '36555256_1916968855033130_7413001986825519104_o.jpg', 4, '2018-07-06 10:42:45.000000'),
(377, '36570787_1916937988369550_1885944006806863872_o.jpg', 10, '2018-07-06 10:44:09.000000'),
(378, '36571983_1916891635040852_1275201456906960896_o.jpg', 9, '2018-07-06 10:44:09.000000'),
(379, '36578997_1938499582874127_7653492233819127808_n.jpg', 6, '2018-07-06 10:44:09.000000'),
(380, '36585005_1916904481706234_3438555266763718656_o.jpg', 9, '2018-07-06 10:44:09.000000'),
(381, '36585219_2238938452787578_4922897987190915072_n.jpg', 3, '2018-07-06 10:44:10.000000'),
(382, '36591776_1916307601765922_5471663179756994560_o.jpg', 6, '2018-07-06 10:44:10.000000'),
(383, '36599581_611714092530043_6597220631677239296_o.jpg', 7, '2018-07-06 10:44:10.000000'),
(384, '36605066_1916886608374688_2755099049391554560_o.jpg', 9, '2018-07-06 10:44:10.000000'),
(385, '36605088_1915358285194187_8143192310281142272_o.jpg', 7, '2018-07-06 10:44:10.000000'),
(386, '36609934_1269111499890695_642205148143157248_n.jpg', 2, '2018-07-06 10:44:10.000000'),
(387, '36613376_1938498969540855_1279761969145970688_n.jpg', 14, '2018-07-06 10:44:10.000000'),
(388, '36616007_1041136146050186_6860190527044714496_n.jpg', 1, '2018-07-06 10:44:10.000000'),
(389, '36620368_1920060178057331_4945645637229084672_o.jpg', 14, '2018-07-06 10:44:10.000000'),
(390, '36625073_2238943016120455_7151608035218030592_n.jpg', 16, '2018-07-06 10:44:10.000000'),
(391, '36625082_612617229106396_4643771116345622528_o.png', 5, '2018-07-06 10:44:10.000000'),
(392, '36627620_1891960070868420_7040112526754840576_n.jpg', 3, '2018-07-06 10:44:10.000000'),
(393, '36628927_1916899838373365_7604135015114342400_o.jpg', 9, '2018-07-06 10:44:10.000000'),
(394, '36636110_1784323164947403_5785171508619902976_n.jpg', 3, '2018-07-06 10:44:10.000000'),
(395, '36639849_1931943730170833_406288195211231232_o.jpg', 5, '2018-07-06 10:44:10.000000'),
(396, '36643917_1920047234725292_8459999736668094464_o.jpg', 10, '2018-07-06 10:44:10.000000'),
(397, '36648273_1931386640226542_2198300700318892032_o.jpg', 5, '2018-07-06 10:45:53.000000'),
(398, '36650857_1919897251406957_5169748062842650624_o.jpg', 9, '2018-07-06 10:45:53.000000'),
(399, '36651077_2238938012787622_2563812591986016256_o.jpg', 3, '2018-07-06 10:45:53.000000'),
(400, '36651089_539092109822037_5593873785515147264_o.jpg', 5, '2018-07-06 10:45:53.000000'),
(401, '36656117_613542972347155_6905329512339210240_n.png', 5, '2018-07-06 10:45:53.000000'),
(402, '36656134_2077382695869264_8913075926917447680_o.jpg', 2, '2018-07-06 10:45:53.000000'),
(403, '36657806_613644582336994_8314102278898319360_o.jpg', 5, '2018-07-06 10:45:53.000000'),
(404, '36657901_2076542439286623_2634890572703203328_o.jpg', 2, '2018-07-06 10:45:53.000000'),
(405, '36658000_613541665680619_8345963836653699072_n.png', 9, '2018-07-06 10:45:53.000000'),
(406, '36658009_613542152347237_802244047728017408_n.png', 3, '2018-07-06 10:45:53.000000'),
(407, '36660735_1915351301861552_550654849327300608_o.jpg', 7, '2018-07-06 10:45:54.000000'),
(408, '36660753_2090546721203159_4256139589053317120_o.jpg', 14, '2018-07-06 10:45:54.000000'),
(409, '36661659_613642985670487_7116550094081490944_o.jpg', 5, '2018-07-06 10:45:54.000000'),
(410, '36663295_2075089242730611_46762397033037824_o.jpg', 14, '2018-07-06 10:45:54.000000'),
(411, '36665308_1932164623482077_7475936537750798336_o.jpg', 5, '2018-07-06 10:45:54.000000'),
(412, '36667408_2090546587869839_43038643207536640_o.jpg', 14, '2018-07-06 10:45:54.000000'),
(413, '36680544_2238938106120946_1543568408178589696_o.jpg', 2, '2018-07-06 10:45:54.000000'),
(414, '36680575_801368840032031_6387175823002042368_o.jpg', 5, '2018-07-06 10:45:54.000000'),
(415, '36682081_1920044931392189_822186697574842368_o.jpg', 5, '2018-07-06 10:45:54.000000'),
(416, '36682595_2090546804536484_3856397422217396224_o.jpg', 14, '2018-07-06 10:45:54.000000'),
(417, '36689286_2090546427869855_5499274901732720640_o.jpg', 14, '2018-07-06 10:46:56.000000'),
(418, '36690371_1784481184931601_6548404265319137280_n.jpg', 13, '2018-07-06 10:46:56.000000'),
(419, '36690398_1930502316981641_4431774141955178496_n.jpg', 14, '2018-07-06 10:46:56.000000'),
(420, '36691115_1670576739707099_5930461937186897920_n.jpg', 1, '2018-07-06 10:46:56.000000'),
(421, '36698401_682778178728741_979322242217279488_o.jpg', 2, '2018-07-06 10:46:56.000000'),
(422, '36712474_2238943159453774_2965195432034041856_o.jpg', 3, '2018-07-06 10:46:57.000000'),
(423, '36722375_613638379004281_2528548084397375488_o.jpg', 9, '2018-07-06 10:46:57.000000'),
(424, '36724762_613641712337281_4792640854692986880_o.jpg', 5, '2018-07-06 10:46:57.000000'),
(425, '36725064_1919911541405528_1798904952660164608_o.jpg', 17, '2018-07-06 10:46:57.000000'),
(426, '36726906_1932091880156018_2250233293083508736_n.jpg', 5, '2018-07-06 10:46:57.000000'),
(427, '36728093_613641245670661_4160633496508825600_o.jpg', 5, '2018-07-06 10:46:57.000000'),
(428, '36737947_1891959877535106_5221851878773489664_n.jpg', 3, '2018-07-06 10:46:57.000000'),
(429, '36737963_1670576649707108_7497496191244959744_n.jpg', 1, '2018-07-06 10:46:57.000000'),
(430, '36745610_1932091826822690_2836229259331108864_n.jpg', 5, '2018-07-06 10:46:57.000000'),
(431, '36754141_1060547200767957_7186706117118918656_n.jpg', 5, '2018-07-06 10:46:57.000000'),
(432, '36759559_613643939003725_6241605246603231232_o.jpg', 14, '2018-07-06 10:46:57.000000'),
(433, '36796968_1784481238264929_399109208915574784_n.jpg', 3, '2018-07-06 10:46:57.000000'),
(434, '36811489_613643469003772_7786722776471044096_o.png', 14, '2018-07-06 10:46:57.000000'),
(435, '1.jpg', 3, '2018-07-13 12:38:54.000000'),
(436, '2.jpg', 3, '2018-07-13 12:38:54.000000'),
(437, '3.jpg', 3, '2018-07-13 12:38:54.000000'),
(438, '0b10374c-a211-4109-85a6-10f8f31a32cc.jpg', 5, '2018-07-13 12:41:00.000000'),
(439, '1a13a46f-d63e-42b6-9f37-a39c7a1092ba.jpg', 5, '2018-07-13 12:41:00.000000'),
(440, '2c2c8f06-cf76-4f30-a483-271e326085f7.jpg', 11, '2018-07-13 12:41:00.000000'),
(441, '03a2ece6-811b-426c-b949-98c16acf343c.jpg', 11, '2018-07-13 12:41:00.000000'),
(442, '3d01d72d-a571-49b6-90d2-878e715a9d33.jpg', 11, '2018-07-13 12:41:00.000000'),
(443, '4c25ac32-b2c4-420a-9f59-f745047df308.jpg', 5, '2018-07-13 12:41:01.000000'),
(444, '5c87ff73-d3c5-409b-bade-aa2b66266956.jpg', 11, '2018-07-13 12:41:01.000000'),
(445, '5c058942-0bde-4ffa-a303-4f0e7984ee07.jpg', 5, '2018-07-13 12:41:01.000000'),
(446, '7fced8b6-b605-4f8c-9e49-2755f9286949.jpg', 13, '2018-07-13 12:41:01.000000'),
(447, '09c5a3f3-e3e6-4d8e-81e5-56752b62bba8.jpg', 5, '2018-07-13 12:41:01.000000'),
(448, '9f007065-06ce-4b86-bd12-7ab03cf1a402.png', 5, '2018-07-13 12:41:01.000000'),
(449, '14e3b736-fde3-41cf-9843-689642c541d5.jpg', 14, '2018-07-13 12:41:01.000000'),
(450, '49a34e53-2b65-4ba2-b450-26c0530ebd85.jpg', 4, '2018-07-13 12:41:01.000000'),
(451, '59a1e3bd-a144-48a4-8ab2-65cbf8e6bb20.jpg', 11, '2018-07-13 12:41:01.000000'),
(452, '67c94908-a057-47f1-b4fe-e31ce7e0bdae.jpg', 11, '2018-07-13 12:41:01.000000'),
(453, '71e22603-9998-49e2-a2e9-c226242cc19a.jpg', 3, '2018-07-13 12:41:01.000000'),
(454, '73e6913a-875d-4fa1-b608-754186604f47.jpg', 11, '2018-07-13 12:42:22.000000'),
(455, '210d9c27-c670-4846-ba0c-b9c64c5952dc.jpg', 6, '2018-07-13 12:42:22.000000'),
(456, '214d9543-4537-4d45-ab76-289676c8cdfc.jpg', 16, '2018-07-13 12:42:22.000000'),
(457, '0767b7b1-e0c3-4aa4-92af-29bcc2994d42.jpg', 13, '2018-07-13 12:42:22.000000'),
(458, '5600b6df-9516-4d0b-985c-7965064e87bb.jpg', 11, '2018-07-13 12:42:22.000000'),
(459, '5697c2f2-b3f0-44b8-9ac8-f70cbf997884.jpg', 14, '2018-07-13 12:42:22.000000'),
(460, '7225e294-8e26-49e4-b291-13681cb099a7.jpg', 6, '2018-07-13 12:42:22.000000'),
(461, '9315d4ad-f365-40ff-a22b-e5ed2d5daec3.jpg', 13, '2018-07-13 12:42:22.000000'),
(462, '9863e2c9-5031-4f18-bee0-c4957bb62520.jpg', 11, '2018-07-13 12:42:22.000000'),
(463, '944420b8-79f9-405e-ae75-12cce0f7ba26.jpg', 11, '2018-07-13 12:42:22.000000'),
(464, '1513680_1536984976575708_6757199489259159076_n.jpg', 2, '2018-07-13 12:42:22.000000'),
(465, '1658613_349439148584469_1749597871335236595_o.jpg', 3, '2018-07-13 12:42:22.000000'),
(466, '3464522f-fc15-4325-8cf0-b6f0dcfa8036.jpg', 14, '2018-07-13 12:42:22.000000'),
(467, '33429047_187660905216461_996714944210665472_n.jpg', 6, '2018-07-13 12:42:22.000000'),
(468, '35652310_2255951427754644_7893827939299491840_o.jpg', 17, '2018-07-13 12:42:22.000000'),
(469, '36345315_2270488722967581_5985938990367244288_o.jpg', 6, '2018-07-13 12:42:22.000000'),
(470, '36656008_468927860225599_3173903221684961280_n.jpg', 9, '2018-07-13 12:42:22.000000'),
(471, '36660485_1920075098055839_2695596873120481280_o.jpg', 7, '2018-07-13 12:42:22.000000'),
(472, '36665314_1044438122386655_4182645023512199168_n.jpg', 13, '2018-07-13 12:42:22.000000'),
(473, '36667895_1044438599053274_1120559492967170048_n.jpg', 5, '2018-07-13 12:42:22.000000'),
(474, '36691854_2141482136133951_741024717762199552_o.jpg', 5, '2018-07-13 12:44:07.000000'),
(475, '36692323_2141559022792929_4733146031405924352_o.jpg', 5, '2018-07-13 12:44:07.000000'),
(476, '36695462_2286895481326905_2381086601401860096_n.jpg', 6, '2018-07-13 12:44:07.000000'),
(477, '36728474_2286970771319376_196782035564494848_n.jpg', 6, '2018-07-13 12:44:07.000000'),
(478, '36736074_1896508847080209_2767013181296476160_n.jpg', 3, '2018-07-13 12:44:07.000000'),
(479, '36737337_2142294032719428_1022684373771616256_o.jpg', 5, '2018-07-13 12:44:07.000000'),
(480, '36739799_1729434180444696_8390432304538845184_o.jpg', 2, '2018-07-13 12:44:07.000000'),
(481, '36739875_2287015434648243_2050934638611791872_o.jpg', 6, '2018-07-13 12:44:07.000000'),
(482, '36745604_2286929004656886_7374878568616034304_n.jpg', 15, '2018-07-13 12:44:08.000000'),
(483, '36745640_468927410225644_494886232292065280_n.jpg', 7, '2018-07-13 12:44:08.000000'),
(484, '36747086_2141485156133649_718060515472965632_o.jpg', 6, '2018-07-13 12:44:08.000000'),
(485, '36749427_10211151527335744_501201315980902400_o.jpg', 2, '2018-07-13 12:44:08.000000'),
(486, '36751512_2141561422792689_5897414139529134080_o.jpg', 6, '2018-07-13 12:44:08.000000'),
(487, '36759623_2287046567978463_3019666904521375744_n.jpg', 7, '2018-07-13 12:44:08.000000'),
(488, '36772337_10211151490854832_6324957092801150976_n.jpg', 1, '2018-07-13 12:44:08.000000'),
(489, '36774235_401883520299608_3764321239015882752_o.jpg', 5, '2018-07-13 12:44:08.000000'),
(490, '36775568_10211151583137139_613202402224373760_n.jpg', 5, '2018-07-13 12:44:08.000000'),
(491, '36776257_2287074457975674_3692251515990310912_n.jpg', 6, '2018-07-13 12:44:08.000000'),
(492, '36784777_10211151579017036_4356737794823946240_o.jpg', 5, '2018-07-13 12:44:08.000000'),
(493, '36787816_1770823219666906_8804050213628018688_n.jpg', 6, '2018-07-13 12:44:08.000000'),
(494, '36788626_2142471952701636_6756124105117794304_o.jpg', 5, '2018-07-13 12:45:55.000000'),
(495, '36789938_2145022289072470_2175451036217507840_o.jpg', 2, '2018-07-13 12:45:55.000000'),
(496, '36792752_2142549099360588_5768602869116698624_o.jpg', 5, '2018-07-13 12:45:55.000000'),
(497, '36794384_1046943948802739_7089382871156129792_n.jpg', 1, '2018-07-13 12:45:56.000000'),
(498, '36796965_2141551849460313_2277547579984052224_o.jpg', 13, '2018-07-13 12:45:56.000000'),
(499, '36810059_10211159383092133_7652169469791305728_n.jpg', 9, '2018-07-13 12:45:56.000000'),
(500, '36814452_1047464902083977_7589929015645831168_n.jpg', 2, '2018-07-13 12:45:56.000000'),
(501, '36819767_1047465005417300_878460020511997952_n.jpg', 2, '2018-07-13 12:45:56.000000'),
(502, '36820159_2142468706035294_3786306644028162048_o.jpg', 15, '2018-07-13 12:45:56.000000'),
(503, '36821224_1047465035417297_6562908202374004736_n.jpg', 2, '2018-07-13 12:45:56.000000'),
(504, '36826293_1733640183387558_3534596155751006208_n.jpg', 2, '2018-07-13 12:45:56.000000'),
(505, '36834048_1046943902136077_4109275596138217472_n.jpg', 3, '2018-07-13 12:45:56.000000'),
(506, '36835492_2174977096078545_5568425855178244096_n.jpg', 15, '2018-07-13 12:45:56.000000'),
(507, '36851126_2143986572509375_8413289695286394880_o.jpg', 1, '2018-07-13 12:45:56.000000'),
(508, '36852352_405156779992155_6054251527541882880_n.jpg', 5, '2018-07-13 12:45:56.000000'),
(509, '36856399_10211159388052257_3106174808652513280_o.jpg', 1, '2018-07-13 12:45:56.000000'),
(510, '36857616_458791924547476_7650376359599931392_o.jpg', 1, '2018-07-13 12:45:56.000000'),
(511, '36857651_2090931957826481_2899493294377533440_o.jpg', 2, '2018-07-13 12:45:57.000000'),
(512, '36863471_2142543366027828_8335565226908844032_o.jpg', 4, '2018-07-13 12:45:57.000000'),
(513, '36867539_2142536582695173_4943222910601920512_o.jpg', 14, '2018-07-13 12:45:57.000000'),
(514, '36869199_1046943762136091_86645892840423424_n.jpg', 5, '2018-07-13 12:47:12.000000'),
(515, '36869975_1047464948750639_2647887259705016320_n.jpg', 2, '2018-07-13 12:47:12.000000'),
(516, '36885815_1046944328802701_7078062411105697792_n.jpg', 2, '2018-07-13 12:47:12.000000'),
(517, '36885933_2085607445013740_6702679683864985600_n.jpg', 7, '2018-07-13 12:47:12.000000'),
(518, '36892523_2079578338983033_2497382006401269760_n.jpg', 2, '2018-07-13 12:47:12.000000'),
(519, '36895766_2090780684508275_3309537644647546880_o.jpg', 2, '2018-07-13 12:47:12.000000'),
(520, '36903041_2142296349385863_2509908441728811008_o.jpg', 13, '2018-07-13 12:47:12.000000'),
(521, '43879294-dad8-4cc1-8ead-57c1c2e7b160.jpg', 4, '2018-07-13 12:47:12.000000'),
(522, 'a07be649-336a-460c-b19a-94a95cc1c17e.jpg', 15, '2018-07-13 12:47:12.000000'),
(523, 'ae1e8c1c-26a2-4a56-96c4-f5477a8297ff.jpg', 11, '2018-07-13 12:47:12.000000'),
(524, 'b2f966dd-621f-40c5-be6a-407f29a62940.png', 5, '2018-07-13 12:47:12.000000'),
(525, 'b8f10adb-c826-4f49-a8a6-d93fb5164c33.jpg', 5, '2018-07-13 12:47:12.000000'),
(526, 'b617af4d-fd81-4bbf-b4a1-f4c7768f6211.jpg', 5, '2018-07-13 12:47:12.000000'),
(527, 'Bk00jpzDlIB.jpg', 11, '2018-07-13 12:47:12.000000'),
(528, 'Bk00jXgjgeR.jpg', 11, '2018-07-13 12:47:12.000000'),
(529, 'Bk0C60phJw1.jpg', 11, '2018-07-13 12:47:13.000000'),
(530, 'Bk0f6taBWDZ.jpg', 11, '2018-07-13 12:47:13.000000'),
(531, 'Bk0Q_UHFtyJ.jpg', 11, '2018-07-13 12:47:13.000000'),
(532, 'Bk0RsiyD1u5.jpg', 11, '2018-07-13 12:47:13.000000'),
(533, 'Bk0Rsz3jQ_p.jpg', 11, '2018-07-13 12:47:13.000000'),
(534, 'Bk0wqo-Dezs.jpg', 11, '2018-07-13 12:52:42.000000'),
(535, 'Bk0wqrgD4wC.jpg', 11, '2018-07-13 12:52:42.000000'),
(536, 'Bk1Al3JniGA.jpg', 11, '2018-07-13 12:52:42.000000'),
(537, 'Bk1GfULjziA.jpg', 11, '2018-07-13 12:52:43.000000'),
(538, 'Bk1H5WHH1ZI.jpg', 11, '2018-07-13 12:52:43.000000'),
(539, 'Bk1wF5hjT3N.jpg', 11, '2018-07-13 12:52:43.000000'),
(540, 'Bk2-ozmHVVy.jpg', 11, '2018-07-13 12:52:43.000000'),
(541, 'Bk2-pGIHYb-.jpg', 11, '2018-07-13 12:52:43.000000'),
(542, 'Bk2-pGKnZHE.jpg', 11, '2018-07-13 12:52:43.000000'),
(543, 'Bk2-t5mhxYn.jpg', 11, '2018-07-13 12:52:43.000000'),
(544, 'Bk2-ubZhNNr.jpg', 11, '2018-07-13 12:52:43.000000'),
(545, 'Bk2-uLIB3YW.jpg', 11, '2018-07-13 12:52:43.000000'),
(546, 'Bk2-uu9BQys.jpg', 11, '2018-07-13 12:52:43.000000'),
(547, 'Bk2-vEHBC3E.jpg', 11, '2018-07-13 12:52:43.000000'),
(548, 'Bk3AvHGFkkb.jpg', 11, '2018-07-13 12:52:43.000000'),
(549, 'Bk3DTRdl2tL.jpg', 11, '2018-07-13 12:52:43.000000'),
(550, 'Bksi0CZHe1o.jpg', 11, '2018-07-13 12:59:23.000000'),
(551, 'Bksi0DeH_C4.jpg', 11, '2018-07-13 12:59:23.000000'),
(552, 'Bksiz-NnUbY.jpg', 11, '2018-07-13 12:59:23.000000'),
(553, 'BksLH5zhkUV.jpg', 11, '2018-07-13 12:59:23.000000'),
(554, 'BksmLwSgbb8.jpg', 11, '2018-07-13 12:59:23.000000'),
(555, 'Bkti-KChnvF.jpg', 11, '2018-07-13 12:59:23.000000'),
(556, 'BktRtklHjoe.jpg', 11, '2018-07-13 12:59:24.000000'),
(557, 'BktXK44DExb.jpg', 11, '2018-07-13 12:59:24.000000'),
(558, 'BktXZRinmgx.jpg', 11, '2018-07-13 01:00:27.000000'),
(559, 'BktYrixlltF.jpg', 11, '2018-07-13 01:00:27.000000'),
(560, 'Bku9tkEHqWU.jpg', 11, '2018-07-13 01:00:27.000000'),
(561, 'Bku9X3uhPdx.jpg', 11, '2018-07-13 01:00:27.000000'),
(562, 'Bku9YgABlf3.jpg', 11, '2018-07-13 01:00:27.000000'),
(563, 'BkuXL95D5O_.jpg', 11, '2018-07-13 01:00:27.000000'),
(564, 'BkuXMObjpPp.jpg', 11, '2018-07-13 01:00:27.000000'),
(565, 'Bkv1T67B2je.jpg', 11, '2018-07-13 01:00:27.000000'),
(566, 'Bkv3Fu6lkPe.jpg', 11, '2018-07-13 01:00:27.000000'),
(567, 'BkvcOPPjzsZ.jpg', 11, '2018-07-13 01:00:27.000000'),
(568, 'BkvggfMnfT0.jpg', 11, '2018-07-13 01:00:27.000000'),
(569, 'BkvKPTNnib8.jpg', 11, '2018-07-13 01:00:27.000000'),
(570, 'BkvM53OHPNJ.jpg', 11, '2018-07-13 01:01:48.000000'),
(571, 'Bkx5JSoH0i_.jpg', 11, '2018-07-13 01:01:48.000000'),
(572, 'BkxnAMlF90t.jpg', 11, '2018-07-13 01:01:48.000000'),
(573, 'BkxWynAjIEd.jpg', 11, '2018-07-13 01:01:48.000000'),
(574, 'Bky-c5IDe6Y.jpg', 11, '2018-07-13 01:01:48.000000'),
(575, 'Bky-da0DQpy.jpg', 11, '2018-07-13 01:01:49.000000'),
(576, 'Bky-dLbjIUa.jpg', 11, '2018-07-13 01:01:49.000000'),
(577, 'c2f2a413-67c3-407a-9043-c14beb7602c8.jpg', 15, '2018-07-13 01:01:49.000000'),
(578, 'c07ff000-a1a0-4532-843c-2a64e97d78a0.jpg', 15, '2018-07-13 01:01:49.000000'),
(579, 'c26f2aad-ac5c-4db7-ae8a-06fd02a3058a.jpg', 11, '2018-07-13 01:01:49.000000'),
(580, 'd5a9bc8c-33fe-4c89-9afb-4253e25fc126.jpg', 14, '2018-07-13 01:01:49.000000'),
(581, 'd6f742c2-14ed-4d32-82cf-110e105c3591.jpg', 5, '2018-07-13 01:01:49.000000'),
(582, 'e2bf1484-9a3d-4315-9c1e-18f5f1fb7321.jpg', 5, '2018-07-13 01:01:49.000000'),
(583, 'e9be588e-c034-457f-b424-4d5940bc7947.jpg', 5, '2018-07-13 01:01:49.000000'),
(584, 'fa53a74a-eb91-4c8c-9225-4cde28254b92.jpg', 14, '2018-07-13 01:01:49.000000'),
(585, 'wonder_woman.jpg', 1, '2018-07-18 08:35:38.000000'),
(586, '36606555_2059170731070737_2098026631435124736_n.jpg', 3, '2018-07-18 09:03:29.000000'),
(587, '37214075_2086939698246897_4706684381412982784_n.jpg', 2, '2018-07-18 09:03:29.000000'),
(588, '37047117_2301168123232974_5628994793951461376_o.jpg', 6, '2018-07-26 11:35:09.000000'),
(589, '37348050_2308401115843008_4671416609649197056_n.jpg', 6, '2018-07-26 11:35:10.000000'),
(590, '37376131_2308300329186420_6851546110792564736_o.jpg', 6, '2018-07-26 11:35:11.000000'),
(591, '37420325_2308267819189671_459660881920262144_o.jpg', 6, '2018-07-26 11:35:11.000000'),
(592, '37565412_2308404142509372_2468030088231256064_o.jpg', 6, '2018-07-26 11:35:11.000000'),
(593, '37795871_2162895523951813_3691424949534195712_o.jpg', 1, '2018-07-26 11:35:11.000000'),
(594, '37826975_1065407476956386_177693444259446784_n.jpg', 1, '2018-07-26 11:35:11.000000');
INSERT INTO `unsorted_images` (`id`, `image`, `1st_level_sort`, `date`) VALUES
(595, '38017764_10211280016827901_7935948004966531072_o.jpg', 5, '2018-08-01 11:39:14.000000'),
(596, '38018077_2331037446912708_1579756651563450368_n.jpg', 9, '2018-08-01 11:39:14.000000'),
(597, '38030638_2167950923487072_8087314223119466496_o.jpg', 5, '2018-08-01 11:39:14.000000'),
(598, '38053495_2331103480239438_6823181502524686336_n.jpg', 6, '2018-08-01 11:39:14.000000'),
(599, '38071906_2168928343389330_3534058812392603648_o.jpg', 5, '2018-08-01 11:39:14.000000'),
(600, '38118917_2168926010056230_7933088136567980032_o.jpg', 14, '2018-08-01 11:39:14.000000'),
(601, '38120585_10216518160203994_712957316936237056_o.jpg', 2, '2018-08-01 11:39:14.000000'),
(602, '38124058_2332796810070105_2156295933048913920_n.jpg', 6, '2018-08-01 11:39:14.000000'),
(603, '38164148_2168065820142249_1073029099947032576_o.jpg', 6, '2018-08-01 11:39:14.000000'),
(604, '38178428_2332977576718695_5295197327345057792_o.jpg', 9, '2018-08-01 11:39:14.000000'),
(605, '000e9c27-4777-4027-92a0-c6c0eb71d9fc.png', 4, '2018-08-01 11:45:21.000000'),
(606, '0a2c3049-c50d-4fe4-a18e-dd14aaed35ff.jpg', 13, '2018-08-01 11:45:21.000000'),
(607, '0a791593-00ab-41d5-a6bc-f7d3c0479618.jpg', 11, '2018-08-01 11:45:21.000000'),
(608, '0b39f670-64a6-497c-be82-120b7e5960bb.jpg', 11, '2018-08-01 11:45:21.000000'),
(609, '0c560701-930a-42ce-8264-1f45d06000a3.jpg', 14, '2018-08-01 11:45:21.000000'),
(610, '0d9af7f4-0e68-4fbb-9ef1-f9d8534117b5.jpg', 17, '2018-08-01 11:45:21.000000'),
(611, '0ecccad4-c903-4214-9b43-0b775c7d93c1.jpg', 13, '2018-08-01 11:45:21.000000'),
(612, '0f1d9f1d-2182-4254-9cf0-13d84c0aac5c.png', 7, '2018-08-01 11:45:21.000000'),
(613, '01e00afe-44c5-4edd-baca-f741f2e4731a.jpg', 11, '2018-08-01 11:45:21.000000'),
(614, '1a0f4d12-5ff3-4248-847b-7274472e2315.jpg', 5, '2018-08-01 11:45:21.000000'),
(615, '1a01b854-35b8-43eb-a756-8968f82cdc14.jpg', 5, '2018-08-01 11:45:21.000000'),
(616, '1a69fa35-27e2-4a19-9085-b2c22f30f7c2.jpg', 14, '2018-08-01 11:45:21.000000'),
(617, '1bd1b388-fbfd-49dc-816b-7c9ff1bca433.jpg', 6, '2018-08-01 11:45:21.000000'),
(618, '1bf42aab-3041-4436-a602-4f7ee1e2ce1e.jpg', 6, '2018-08-01 11:45:21.000000'),
(619, '1c2625fa-c92b-40fa-be76-f8e7a53cdaa8.jpg', 14, '2018-08-01 11:45:22.000000'),
(620, '1c894901-4338-4c46-985c-e34f9b096b57.jpg', 11, '2018-08-01 11:45:22.000000'),
(621, '1ddc2dec-af2d-4a83-8c52-e8ba34fd7f7c.jpg', 5, '2018-08-01 11:45:22.000000'),
(622, '1e99b893-5515-4aca-a7b9-83d8a345338d.jpg', 11, '2018-08-01 11:45:22.000000'),
(623, '1f21c697-8f13-4b4a-915b-8485ffcd5e5e.jpg', 13, '2018-08-01 11:45:22.000000'),
(624, '1f883e76-eaad-43dd-8fba-821c956b49fb.jpg', 2, '2018-08-01 11:45:22.000000'),
(625, '1fb476ee-9d81-4264-9a62-b93c1a4dff45.jpg', 3, '2018-08-01 11:46:41.000000'),
(626, '2ac3671f-6531-4d5a-b0f7-94440ea290c5.jpg', 5, '2018-08-01 11:46:41.000000'),
(627, '2cdef003-a96a-43e5-b837-93640ff15ce5.jpg', 11, '2018-08-01 11:46:41.000000'),
(628, '2ce9a9a1-6e04-4557-adfc-d70cea0d8562.jpg', 6, '2018-08-01 11:46:41.000000'),
(629, '2dca9d38-2e5f-4f60-ac09-4b981252dfd8.jpg', 11, '2018-08-01 11:46:41.000000'),
(630, '2ded956d-3287-4eff-a21c-374f40079abf.jpg', 15, '2018-08-01 11:46:41.000000'),
(631, '2f3336c3-f339-44a7-af2f-d2bf91bb42b7.jpg', 3, '2018-08-01 11:46:41.000000'),
(632, '03a23627-622a-4d9d-9b2b-a172f84d591f.jpg', 6, '2018-08-01 11:46:41.000000'),
(633, '03b25e35-0c24-4ee3-9ce8-5274aa145057.jpg', 11, '2018-08-01 11:46:41.000000'),
(634, '3a6ce2fc-24a9-4992-a73e-fe674afd20f4.jpg', 11, '2018-08-01 11:46:41.000000'),
(635, '3abe762d-970e-4a32-83ac-ef508b129d9f.jpg', 11, '2018-08-01 11:46:41.000000'),
(636, '3b1de1b6-421b-4b75-9a26-b27f6da257f0.jpg', 4, '2018-08-01 11:46:41.000000'),
(637, '3bbd0048-4b6b-4b57-8593-80d9c4939a8f.jpg', 3, '2018-08-01 11:46:41.000000'),
(638, '3c89ce6e-b359-4008-9f5f-e4a20076c995.jpg', 13, '2018-08-01 11:46:41.000000'),
(639, '3c90fa07-752c-492e-9314-0aee561bbf17.jpg', 13, '2018-08-01 11:46:41.000000'),
(640, '3dbc9ac0-4cdb-4856-82b3-1322c303f5fa.jpg', 13, '2018-08-01 11:46:41.000000'),
(641, '3e0ac881-b4fc-45e4-9069-5d579e7efa9c.jpg', 5, '2018-08-01 11:46:41.000000'),
(642, '4a3f00a9-8a5f-4d17-8802-a403027ea0f5.jpg', 3, '2018-08-01 11:46:41.000000'),
(643, '4a5771b4-fd76-4a90-a512-27d4e86e3d15.jpg', 4, '2018-08-01 11:46:41.000000'),
(644, '4cb124e4-d74e-4f7c-a8f0-2d40b2a5e2a4.jpg', 6, '2018-08-01 11:46:41.000000'),
(645, '4d00a6ed-ab73-436a-80ec-37f606355324.jpg', 13, '2018-08-01 11:48:09.000000'),
(646, '4d0b956e-b662-429f-9f44-0ecdf946f8fd.jpg', 11, '2018-08-01 11:48:09.000000'),
(647, '4df17795-7972-491d-994c-4e1161f8e61c.jpg', 14, '2018-08-01 11:48:09.000000'),
(648, '4e68a3cc-a877-4295-805f-37f967a70e34.jpg', 13, '2018-08-01 11:48:09.000000'),
(649, '4e488f43-a271-4ce7-802f-e7ececf06b38.jpg', 5, '2018-08-01 11:48:09.000000'),
(650, '4ef763e9-6ea6-4956-9622-1b33c6b1c06b.jpg', 11, '2018-08-01 11:48:09.000000'),
(651, '4f1a10d4-58bf-4c0e-95ea-432725830a08.jpg', 13, '2018-08-01 11:48:10.000000'),
(652, '4f6b0206-5a5c-43f6-adb3-dee722933431.jpg', 13, '2018-08-01 11:48:10.000000'),
(653, '4f18d135-b843-4067-98a8-37c3e2405bef.jpg', 5, '2018-08-01 11:48:10.000000'),
(654, '5a1cc67d-da0e-456e-bc9d-965299edfaa6.jpg', 4, '2018-08-01 11:48:10.000000'),
(655, '5a2cdfb1-746e-45ea-95eb-7a8c54d5910d.jpg', 5, '2018-08-01 11:48:10.000000'),
(656, '5ad3ff1d-6de6-4d91-9604-9c8680149218.png', 5, '2018-08-01 11:48:10.000000'),
(657, '5b3b40a0-ab1d-4905-94fc-a47fed5ddb00.jpg', 14, '2018-08-01 11:48:10.000000'),
(658, '5bce19fa-471d-42ea-a2fb-2901bc7998dd.jpg', 6, '2018-08-01 11:48:10.000000'),
(659, '5c73b7a9-a924-4c81-8071-f641f04d1470.jpg', 14, '2018-08-01 11:48:10.000000'),
(660, '5cd70f8b-a275-4cdc-82cf-ae5b8587c332.jpg', 5, '2018-08-01 11:48:10.000000'),
(661, '5d4d9509-36b8-4a34-a928-1bb0ed05543d.jpg', 17, '2018-08-01 11:48:10.000000'),
(662, '5deb74ee-c164-4e75-8ebe-be58fe2b0fb1.jpg', 5, '2018-08-01 11:48:10.000000'),
(663, '5e111837-6948-46e3-bab5-51a69e57a7b5.jpg', 0, '2018-08-01 11:48:10.000000'),
(664, '5eff001d-e757-4a72-be95-d3f18c868740.jpg', 0, '2018-08-01 11:48:10.000000'),
(665, '06f9c5e6-f3e2-42c6-a6a9-c9ecc15e57ce.jpg', 0, '2018-08-01 11:49:37.000000'),
(666, '6a7b985b-a631-43a8-804c-20851a0426e8.jpg', 0, '2018-08-01 11:49:37.000000'),
(667, '6a09efde-cebc-42d1-b57c-f2d991cf0903.jpg', 0, '2018-08-01 11:49:37.000000'),
(668, '6a9c09ee-8493-4da3-b02f-5c30570d1b20.jpg', 0, '2018-08-01 11:49:37.000000'),
(669, '6a45c85e-4312-4c7c-bb5c-c2338f966ead.jpg', 0, '2018-08-01 11:49:37.000000'),
(670, '6c8f539e-7fa5-4a21-a301-0a6253ae5375.jpg', 0, '2018-08-01 11:49:37.000000'),
(671, '6cf5948b-2ba6-454e-9ada-3dd095c63328.png', 0, '2018-08-01 11:49:37.000000'),
(672, '6d6cf369-c708-471f-823d-00a176dc11d7.jpg', 0, '2018-08-01 11:49:37.000000'),
(673, '6de60ac5-4355-4d21-8396-9db46c4ecafe.jpg', 0, '2018-08-01 11:49:37.000000'),
(674, '6e86d766-daef-4e5b-9d92-f51961fdc9e8.jpg', 0, '2018-08-01 11:49:37.000000'),
(675, '6f645554-5df0-44fb-9494-f48b8fd4c8ac.jpg', 0, '2018-08-01 11:49:37.000000'),
(676, '6fc459e9-e176-4583-8484-f9b3fc6c9aab.jpg', 0, '2018-08-01 11:49:37.000000'),
(677, '7a04460f-f4dc-4017-8307-15e01ed428c1.jpg', 0, '2018-08-01 11:49:37.000000'),
(678, '7acda056-b0ea-4b12-a9e7-40967f2e5166.jpg', 0, '2018-08-01 11:49:37.000000'),
(679, '7b55cf32-bae2-4f2c-bb85-2773652e757c.jpg', 0, '2018-08-01 11:49:37.000000'),
(680, '7b457275-9880-4f2b-8033-89f400adb8ff.jpg', 0, '2018-08-01 11:49:37.000000'),
(681, '7c0d3a26-6319-41a3-9c9b-9bc6614872a8.jpg', 0, '2018-08-01 11:49:37.000000'),
(682, '7c61b853-ebdb-4d98-a686-ba11d7da0671.jpg', 0, '2018-08-01 11:49:37.000000'),
(683, '7c341c44-5b0e-499a-b1fc-6b67cf663cdf.jpg', 0, '2018-08-01 11:49:37.000000'),
(684, '7c730471-7eb8-4c0a-870e-aecdd5c9bc20.jpg', 0, '2018-08-01 11:49:37.000000'),
(685, '7e967fb4-19fb-4940-a727-dc2c0ebfa916.jpg', 0, '2018-08-01 11:50:59.000000'),
(686, '7f4a2e6b-aa21-4f9b-8d66-5c019a7a7c19.jpg', 0, '2018-08-01 11:50:59.000000'),
(687, '7f7cb9be-e508-4ce2-a090-372d70277477.jpg', 0, '2018-08-01 11:50:59.000000'),
(688, '7f72e9a8-665e-4afb-b24b-026ea0123c43.jpg', 0, '2018-08-01 11:50:59.000000'),
(689, '7fc8047e-d342-482a-8ce3-ea3fa51b3219.jpg', 0, '2018-08-01 11:50:59.000000'),
(690, '7fda98da-3284-46c9-af9f-e8da434cc088.jpg', 0, '2018-08-01 11:50:59.000000'),
(691, '8a986ac8-b14d-4696-9024-1ebffa7fa7d3.jpg', 0, '2018-08-01 11:50:59.000000'),
(692, '8a27806f-7525-4016-b441-bb5f06f00c4f.jpg', 0, '2018-08-01 11:50:59.000000'),
(693, '8bf6c0b0-2976-42a7-8088-580dc00b585c.jpg', 0, '2018-08-01 11:50:59.000000'),
(694, '8c44bbcb-bf5b-41fb-8eca-271ef7ab17d0.jpg', 0, '2018-08-01 11:50:59.000000'),
(695, '8c59bbc6-a7a4-4abc-a676-468d6786eb41.jpg', 0, '2018-08-01 11:50:59.000000'),
(696, '8c343a51-d9df-4288-a6b9-97ec1e10f381.jpg', 0, '2018-08-01 11:50:59.000000'),
(697, '8c955d74-2ccf-43e0-9d86-f008ade8161e.jpg', 0, '2018-08-01 11:50:59.000000'),
(698, '8c800982-e6bf-4a4a-a179-de50580d2abb.jpg', 0, '2018-08-01 11:50:59.000000'),
(699, '8d7d41b3-fa86-4347-af16-4e6d0eab6629.jpg', 0, '2018-08-01 11:50:59.000000'),
(700, '8ef6d34b-9675-41d4-abed-ef2c56bc21f5.jpg', 0, '2018-08-01 11:51:00.000000'),
(701, '8f201350-e0ea-441d-bd31-30f00fe8d632.jpg', 0, '2018-08-01 11:51:00.000000'),
(702, '9a62b0c0-bd80-4e41-be73-e4f9a9499c5c.jpg', 0, '2018-08-01 11:51:00.000000'),
(703, '9adc2344-fb3a-4a08-a50b-d556ad2183b6.jpg', 0, '2018-08-01 11:51:00.000000'),
(704, '9b255de7-8c6c-4f0b-a4fe-4c2513e25976.jpg', 0, '2018-08-01 11:51:00.000000'),
(705, '9c1814d0-b1df-44ef-9aa5-74743f03d015.jpg', 0, '2018-08-01 11:53:09.000000'),
(706, '9c728195-3655-478c-a4d6-ee73c4b1efc3.jpg', 0, '2018-08-01 11:53:09.000000'),
(707, '9ca476d5-5d9f-47b7-9544-914b28f6b1d6.jpg', 0, '2018-08-01 11:53:09.000000'),
(708, '9dceb575-292c-4afb-bc45-c04655384031.jpg', 0, '2018-08-01 11:53:09.000000'),
(709, '9f9b66c6-8ad6-4959-b2c2-c14d16adda1e.jpg', 0, '2018-08-01 11:53:09.000000'),
(710, '11af318e-a19a-46b7-b630-c875f6884c6a.jpg', 0, '2018-08-01 11:53:09.000000'),
(711, '11c84cfa-caf9-4f67-bc78-9a0293649a1a.jpg', 0, '2018-08-01 11:53:09.000000'),
(712, '015b53b3-ec71-436e-a4d4-fce9717d6708.jpg', 0, '2018-08-01 11:53:09.000000'),
(713, '15fff2ff-efa2-4817-8547-96b68300ea7b.jpg', 0, '2018-08-01 11:53:09.000000'),
(714, '16f5fd13-9608-417e-bf31-ae904931cb4f.jpg', 0, '2018-08-01 11:53:09.000000'),
(715, '19c76639-55a0-48d3-ba9b-a517cf5754a8.jpg', 0, '2018-08-01 11:53:09.000000'),
(716, '024f626e-fefd-41c9-b00a-eb2ce09ac7c3.jpg', 0, '2018-08-01 11:53:09.000000'),
(717, '24de3238-25f9-4146-8948-8ca17b1677d2.jpg', 0, '2018-08-01 11:53:09.000000'),
(718, '25b000aa-d306-44a3-b74d-7e9a0bdd769e.jpg', 0, '2018-08-01 11:53:09.000000'),
(719, '25b56a77-0003-4874-9852-46b478bd9fc3.jpg', 0, '2018-08-01 11:53:09.000000'),
(720, '26f35e3a-3a16-4891-a751-557a2853dc8d.png', 0, '2018-08-01 11:53:09.000000'),
(721, '027f079b-0bec-4cc2-b49d-ce5f3148a3e1.jpg', 0, '2018-08-01 11:53:09.000000'),
(722, '28ad3574-b42c-49b5-9cfe-abe30258b322.jpg', 0, '2018-08-01 11:53:10.000000'),
(723, '28afe449-4450-4433-9743-5496f23b5b33.jpg', 0, '2018-08-01 11:53:10.000000'),
(724, '28cc74ac-06ea-49a0-889e-d3691b9da56b.jpg', 0, '2018-08-01 11:53:10.000000'),
(725, '28fe0a98-c704-49e0-abec-c2ab18095b20.jpg', 0, '2018-08-01 11:54:52.000000'),
(726, '30d93117-a72f-423e-ac71-461f68da6eeb.jpg', 0, '2018-08-01 11:54:52.000000'),
(727, '31e91e82-da94-4b51-b924-4c99f422dbf4.jpg', 0, '2018-08-01 11:54:52.000000'),
(728, '33ed8a80-1c0c-4223-8a08-9217d3445f16.jpg', 0, '2018-08-01 11:54:52.000000'),
(729, '34d09709-bd76-4e2c-b517-7a45f48d87be.jpg', 0, '2018-08-01 11:54:52.000000'),
(730, '36d346b7-1670-4978-88a7-0adc90218195.jpg', 0, '2018-08-01 11:54:52.000000'),
(731, '39a1f431-29e3-4e9e-b8d6-0708de18b7f4.jpg', 0, '2018-08-01 11:54:52.000000'),
(732, '39ae9e3d-c8a7-403c-bc09-55568c435979.jpg', 0, '2018-08-01 11:54:52.000000'),
(733, '43d371b2-9a70-46b5-a17f-50532040de27.jpg', 0, '2018-08-01 11:54:52.000000'),
(734, '44f1360c-fcd4-48b2-9ee7-cb7fcf050887.jpg', 0, '2018-08-01 11:54:52.000000'),
(735, '46e5ce57-7866-4873-af83-925bdfcfa8ec.jpg', 0, '2018-08-01 11:54:52.000000'),
(736, '48b446f3-6d43-4951-af41-c858fd9a392e.jpg', 0, '2018-08-01 11:54:52.000000'),
(737, '51b8758e-a48d-4673-88b0-0640a141f811.jpg', 0, '2018-08-01 11:54:52.000000'),
(738, '51ded1ef-73de-4125-8370-ecaa903ec93f.jpg', 0, '2018-08-01 11:54:52.000000'),
(739, '53abc0fe-7d57-4591-8150-11d9cc2610f5.jpg', 0, '2018-08-01 11:54:52.000000'),
(740, '53c669c8-9c54-4b62-bd1a-ae512ac3bf2b.jpg', 0, '2018-08-01 11:54:52.000000'),
(741, '53d92c60-abcf-40cf-928c-88d1521468c0.jpg', 0, '2018-08-01 11:54:52.000000'),
(742, '57db0d0e-41a2-4df9-b591-0f0e3fc793f9.jpg', 0, '2018-08-01 11:54:52.000000'),
(743, '67e89b9d-b638-4c75-a734-76e54692d436.jpg', 0, '2018-08-01 11:54:52.000000'),
(744, '069c805e-a822-42bd-8f79-9ac40f26eec6.jpg', 0, '2018-08-01 11:54:52.000000'),
(745, '70bc1e5e-c812-4dcc-a5a8-661e2f2268fe.jpg', 0, '2018-08-01 11:56:38.000000'),
(746, '72a464fd-bd8f-4e6f-b83e-41a6fce513fa.jpg', 0, '2018-08-01 11:56:38.000000'),
(747, '77e5bfb2-6755-4878-a29a-f5ba0df0685c.jpg', 0, '2018-08-01 11:56:38.000000'),
(748, '80cf7037-8c9f-49e0-9f52-c95d732ed330.jpg', 0, '2018-08-01 11:56:38.000000'),
(749, '82d5f445-cf39-4fbc-81b9-74b58bd18091.jpg', 0, '2018-08-01 11:56:38.000000'),
(750, '84aa1f95-015b-49f2-9b53-8551e1caeb39.jpg', 0, '2018-08-01 11:56:38.000000'),
(751, '86a826d9-abd9-4754-8def-a3a72d366240.jpg', 0, '2018-08-01 11:56:38.000000'),
(752, '87d0b3f5-fc16-499a-bc39-568ee5d2f5f5.jpg', 0, '2018-08-01 11:56:38.000000'),
(753, '91b88f71-b828-41be-b6bb-21fb8e7ea10e.jpg', 0, '2018-08-01 11:56:39.000000'),
(754, '92b91a06-0083-40ef-b23f-f5b4ee983950.jpg', 0, '2018-08-01 11:56:39.000000'),
(755, '93e4e867-1361-44f9-82a8-84c6cfa1a2b8.jpg', 0, '2018-08-01 11:56:39.000000'),
(756, '94f77aee-9f16-4235-b250-3578b6d26556.jpg', 0, '2018-08-01 11:56:39.000000'),
(757, '95c1a4a3-00e5-4b25-a837-f92dddeaca86.jpg', 0, '2018-08-01 11:56:39.000000'),
(758, '96d8d0f6-0b1c-42bf-995a-8adb2a904171.jpg', 0, '2018-08-01 11:56:39.000000'),
(759, '143e5327-8cc0-40bb-ad8e-c727c5a26ee9.jpg', 0, '2018-08-01 11:56:39.000000'),
(760, '202dc938-ef74-40ad-b291-6c325e3016a2.jpg', 0, '2018-08-01 11:56:39.000000'),
(761, '226f4bd2-05bb-407e-b12b-3f17fe1170bf.jpg', 0, '2018-08-01 11:56:39.000000'),
(762, '254c1774-cfef-4d75-9daf-c1f882d10678.jpg', 0, '2018-08-01 11:56:39.000000'),
(763, '280b25be-b409-4cfe-80f0-1f9fe960a1b5.png', 0, '2018-08-01 11:56:39.000000'),
(764, '298f2ccf-80a7-4391-b36a-8075703c3080.jpg', 0, '2018-08-01 11:56:39.000000'),
(765, '324c6ea8-cc16-408f-bd35-f927c66772f0.jpg', 0, '2018-08-01 12:04:07.000000'),
(766, '336b813c-247c-4e54-80d3-7a6295e7888c.jpg', 0, '2018-08-01 12:04:07.000000'),
(767, '363cbe6d-95e9-478c-862a-5b682799ed32.jpg', 0, '2018-08-01 12:04:07.000000'),
(768, '458c302a-535b-458d-8627-462b3ac3d026.jpg', 0, '2018-08-01 12:04:07.000000'),
(769, '460a3643-d750-418b-84ba-dc30ff1ba1e9.jpg', 0, '2018-08-01 12:04:07.000000'),
(770, '465c657a-44a3-4ee3-85e3-9ea01c84067a.jpg', 0, '2018-08-01 12:04:07.000000'),
(771, '468ee28b-f752-44d1-8c1d-c6704ab036c8.png', 0, '2018-08-01 12:04:07.000000'),
(772, '482fba2b-4fda-49af-a139-5180d04815fb.jpg', 0, '2018-08-01 12:04:07.000000'),
(773, '539a7ebe-5a8e-4105-b34e-466a8830045e.jpg', 0, '2018-08-01 12:04:07.000000'),
(774, '0543de71-309b-4ccf-9a8e-b8828790c43d.jpg', 0, '2018-08-01 12:04:07.000000'),
(775, '569cb173-a165-42d4-a493-828a42973765.jpg', 0, '2018-08-01 12:04:07.000000'),
(776, '597b1de5-903c-49bb-be50-0c906cba17ca.jpg', 0, '2018-08-01 12:04:07.000000'),
(777, '0612a89f-4ce6-42cc-b0a0-36f9d1dbbcca.jpg', 0, '2018-08-01 12:04:07.000000'),
(778, '612c4685-2700-4bd7-a063-192d740dfabd.jpg', 0, '2018-08-01 12:04:07.000000'),
(779, '621a4745-48af-47ef-be6a-2940248267ce.jpg', 0, '2018-08-01 12:04:07.000000'),
(780, '744ad623-7632-47d6-bd3d-98906f2126de.jpg', 0, '2018-08-01 12:04:07.000000'),
(781, '812fd64d-f93c-4f32-b63f-e2f8c6bb3efb.jpg', 0, '2018-08-01 12:04:08.000000'),
(782, '820e0cca-2958-4c8d-8a73-a71b4efe7ba8.jpg', 0, '2018-08-01 12:04:08.000000'),
(783, '826b6f84-f7cb-41f1-b230-bc2e60c2bab3.jpg', 0, '2018-08-01 12:04:08.000000'),
(784, '832e7546-e686-47d9-bb7c-7c8e729f4960.jpg', 0, '2018-08-01 12:04:08.000000'),
(785, '862a9582-c74d-4e54-801e-b681d7a302aa.jpg', 0, '2018-08-01 12:11:27.000000'),
(786, '862ce479-ae0d-4f5f-aa13-18bc09d65ca9.jpg', 0, '2018-08-01 12:11:27.000000'),
(787, '900bd633-3ddc-4934-a489-7c6a84094734.png', 0, '2018-08-01 12:11:27.000000'),
(788, '922cae13-bd25-44d3-937f-d6f9e70fb47b.jpg', 0, '2018-08-01 12:11:27.000000'),
(789, '0941dd5e-6acc-4626-b87e-134ef89fe71c.jpg', 0, '2018-08-01 12:11:27.000000'),
(790, '1094fd9e-f993-4a79-b6ab-b1d49fd71b06.jpg', 0, '2018-08-01 12:11:27.000000'),
(791, '1108d47d-a56d-4aa9-8b93-dc7f2ecc0afc.jpg', 0, '2018-08-01 12:11:27.000000'),
(792, '1548c983-d61e-4f79-9a04-c8668aa4b6c5.jpg', 0, '2018-08-01 12:11:27.000000'),
(793, '001763f8-914a-446c-8456-839440fc1bb7.jpg', 0, '2018-08-01 12:11:27.000000'),
(794, '01804fa4-cf32-4f8c-9798-77ed839998af.jpg', 0, '2018-08-01 12:11:27.000000'),
(795, '3356a7bc-adad-4984-9923-3e72cbb80404.jpg', 0, '2018-08-01 12:11:27.000000'),
(796, '3671fb2b-b226-495f-906e-2034beb37da4.jpg', 0, '2018-08-01 12:11:27.000000'),
(797, '3678d40c-e7a8-4e81-89f2-c42a9c5db6d9.png', 0, '2018-08-01 12:11:27.000000'),
(798, '4397dc67-46c4-43d0-8afa-cbec1eee729a.jpg', 0, '2018-08-01 12:11:27.000000'),
(799, '4731f2cb-a254-437b-b92d-a8a8e24998e9.jpg', 0, '2018-08-01 12:11:27.000000'),
(800, '5394a4d4-73cb-4db0-bea8-91c47f476674.jpg', 0, '2018-08-01 12:11:27.000000'),
(801, '5711ae53-cc6f-4a28-a571-9bec49d99139.jpg', 0, '2018-08-01 12:11:27.000000'),
(802, '5769bad3-f718-45bf-be9e-42229d6d869a.jpg', 0, '2018-08-01 12:11:27.000000'),
(803, '5959cf9e-ca9b-4088-b366-99950cce39eb.jpg', 0, '2018-08-01 12:11:27.000000'),
(804, '6132a280-6885-48d7-a870-0ded3eea4da7.jpg', 0, '2018-08-01 12:11:27.000000'),
(805, '6928c5b7-e778-47a7-a861-8f2484acbef7.jpg', 0, '2018-08-01 12:12:43.000000'),
(806, '7566fe28-716e-4dc6-b650-5ea044f0f126.jpg', 0, '2018-08-01 12:12:43.000000'),
(807, '7577cf10-8037-41bf-96e1-12440f51ef00.jpg', 0, '2018-08-01 12:12:43.000000'),
(808, '7988ff5d-1f42-44a4-9426-9e85cf117341.jpg', 0, '2018-08-01 12:12:43.000000'),
(809, '8207fe45-c65b-456f-be11-84645dcbf19a.jpg', 0, '2018-08-01 12:12:43.000000'),
(810, '8896d546-1733-4959-af98-997919dc2658.jpg', 0, '2018-08-01 12:12:44.000000'),
(811, '9222c05a-50b9-4cba-9196-61fde87e358d.jpg', 0, '2018-08-01 12:12:44.000000'),
(812, '9448ffb2-978d-4bd2-b3d0-61c2b01cc067.jpg', 0, '2018-08-01 12:12:44.000000'),
(813, '9458cd05-4aa2-41bc-ae82-f7e8fa104855.jpg', 0, '2018-08-01 12:12:44.000000'),
(814, '9826b192-6398-43a2-ba4c-fd7332db2e2c.jpg', 0, '2018-08-01 12:12:44.000000'),
(815, '016317f0-a855-431d-a80b-3385fd753b21.jpg', 0, '2018-08-01 12:12:44.000000'),
(816, '18672cbe-cb34-43d8-a845-1028301d7d82.jpg', 0, '2018-08-01 12:12:44.000000'),
(817, '31941e26-c794-4448-b6f9-0b1db2d8a00d.jpg', 0, '2018-08-01 12:12:44.000000'),
(818, '43824ea3-8413-4e88-b76f-f8ae0e2f09ee.jpg', 0, '2018-08-01 12:12:44.000000'),
(819, '47809c7c-c14d-4b4d-b40a-d51599a3ba69.jpg', 0, '2018-08-01 12:12:44.000000'),
(820, '52550c74-fa92-41b3-88c3-4eac8c004f75.jpg', 0, '2018-08-01 12:12:45.000000'),
(821, '53273ea5-a03d-4067-97f1-e8b5d6a9d411.jpg', 0, '2018-08-01 12:12:45.000000'),
(822, '66374c06-834e-4249-a0e9-487248aadb2c.jpg', 0, '2018-08-01 12:12:45.000000'),
(823, '69481b48-4958-454c-b6bf-67635acc64aa.jpg', 0, '2018-08-01 12:12:45.000000'),
(824, '71613cdc-1217-4718-a55b-a72a75fdc28b.jpg', 0, '2018-08-01 12:12:45.000000'),
(825, '74945bc5-7d9f-4e9a-8570-f1198812958e.jpg', 0, '2018-08-01 12:14:07.000000'),
(826, '80686d56-4286-4ad7-b587-5ff1a9ef8bac.jpg', 0, '2018-08-01 12:14:07.000000'),
(827, '093916e6-6ac5-4c9d-959f-f09d2c1d21ed.jpg', 0, '2018-08-01 12:14:07.000000'),
(828, '94995e99-1bd8-438a-9f80-bdd5d4c49db6.jpg', 0, '2018-08-01 12:14:07.000000'),
(829, '95814b7d-6eee-4b4a-8592-cf1011d466c5.jpg', 0, '2018-08-01 12:14:07.000000'),
(830, '98178b03-499d-401e-b75f-e7a6c8ce512a.jpg', 0, '2018-08-01 12:14:07.000000'),
(831, '166287ed-717c-45f6-af93-9bcf42ab4c08.jpg', 0, '2018-08-01 12:14:07.000000'),
(832, '385050b6-30a2-47e6-9e5d-d125a78365e7.jpg', 0, '2018-08-01 12:14:08.000000'),
(833, '404602bb-c7e0-4548-a4cb-08d9b90b56b6.jpg', 0, '2018-08-01 12:14:08.000000'),
(834, '424951f4-7554-4b90-97e3-10b126a29b8d.jpg', 0, '2018-08-01 12:14:08.000000'),
(835, '591786b4-b961-4f4d-87ae-cde74a4be659.jpg', 0, '2018-08-01 12:14:08.000000'),
(836, '697910e1-d1a3-47af-8154-6409fc9bdfff.jpg', 0, '2018-08-01 12:14:08.000000'),
(837, '701802b6-222b-49e1-bd22-a5ab93d23783.jpg', 0, '2018-08-01 12:14:08.000000'),
(838, '817688ae-ee32-4bc8-85b5-05c3fd045744.jpg', 0, '2018-08-01 12:14:08.000000'),
(839, '1103788b-3fa7-4227-9ea1-1a411a78f66b.jpg', 0, '2018-08-01 12:14:08.000000'),
(840, '2637109d-e78b-478f-8bed-997c4dbb77e8.jpg', 0, '2018-08-01 12:14:08.000000'),
(841, '5448104e-c0fa-4d34-88fb-457c3bd86c2b.jpg', 0, '2018-08-01 12:14:08.000000'),
(842, '7291538d-b4f2-4a31-b9e0-383f1a7f47ec.jpg', 0, '2018-08-01 12:14:08.000000'),
(843, '7523042b-72c5-4bc8-a7d7-7213c6249a2b.jpg', 0, '2018-08-01 12:14:08.000000'),
(844, '7631262a-6eb8-48de-98a1-b953208966d3.jpg', 0, '2018-08-01 12:14:08.000000'),
(845, '10982700-2f69-4453-97ed-688066c5189a.jpg', 0, '2018-08-01 12:15:27.000000'),
(846, '14824673-b673-4ba7-bbe5-f607ec8a6ea0.jpg', 0, '2018-08-01 12:15:27.000000'),
(847, '22012474-666d-4f53-9897-9da8183d8a45.jpg', 0, '2018-08-01 12:15:27.000000'),
(848, '34415198-00a8-41bf-99eb-021bee364a85.jpg', 0, '2018-08-01 12:15:27.000000'),
(849, '58924601-697a-4893-956d-3a30862ac598.jpg', 0, '2018-08-01 12:15:27.000000'),
(850, '86125799-f302-46d1-bc01-32d24c92ea8f.jpg', 0, '2018-08-01 12:15:27.000000'),
(851, '96518606-17d1-4348-b3d3-6c2b848cb726.jpg', 0, '2018-08-01 12:15:27.000000'),
(852, 'a3c599cf-0f36-496d-9aca-9821f7871523.jpg', 0, '2018-08-01 12:15:27.000000'),
(853, 'a9e7f163-0b89-4920-9b48-4cc0cf5f1aa2.jpg', 0, '2018-08-01 12:15:27.000000'),
(854, 'a21a029b-3fc5-45b7-bed0-070b857194cf.jpg', 0, '2018-08-01 12:15:27.000000'),
(855, 'a26d6b24-f251-4aba-aaf1-7cab94e6af94.jpg', 0, '2018-08-01 12:15:27.000000'),
(856, 'a43e6bfd-2cff-429d-9b22-1d9babaa9d6c.jpg', 0, '2018-08-01 12:15:27.000000'),
(857, 'a61bb4de-1b4f-445b-9e67-1affaa70db92.jpg', 0, '2018-08-01 12:15:27.000000'),
(858, 'a61e21f8-8b6b-4364-8da8-74219cb87c7a.jpg', 0, '2018-08-01 12:15:27.000000'),
(859, 'a162ed25-d2f0-4be1-8035-dff0f89d3a7e.jpg', 0, '2018-08-01 12:15:27.000000'),
(860, 'a224ae71-f905-4f36-b452-22152787c3f5.jpg', 0, '2018-08-01 12:15:27.000000'),
(861, 'a3318dc0-5aa8-4121-a93f-35860b989cb8.jpg', 0, '2018-08-01 12:15:27.000000'),
(862, 'a3350da8-0dd9-4281-ae3c-cb6b7b5378e6.jpg', 0, '2018-08-01 12:15:27.000000'),
(863, 'aabf40d6-f28c-4cf3-b226-ba4fa43a8a33.jpg', 0, '2018-08-01 12:15:27.000000'),
(864, 'abb10cb0-97ef-44f2-a13a-87949f38175f.jpg', 0, '2018-08-01 12:15:27.000000'),
(865, 'abcb5ab3-0735-441f-9e7a-262a459af1df.jpg', 0, '2018-08-01 12:16:46.000000'),
(866, 'acec920e-f7eb-4bf0-b983-49f14fd32d3c.png', 0, '2018-08-01 12:16:46.000000'),
(867, 'ad2daedf-dbbf-4173-a0d0-16ee3c4fd913.jpg', 0, '2018-08-01 12:16:46.000000'),
(868, 'addffecc-7cc6-4f51-a78f-f39704837dd7.jpg', 0, '2018-08-01 12:16:46.000000'),
(869, 'ae1f116e-83a4-4fe7-a625-71e3d9a260bb.jpg', 0, '2018-08-01 12:16:46.000000'),
(870, 'ae87ee16-2b1d-4e87-af9a-744ee0a6a48d.jpg', 0, '2018-08-01 12:16:46.000000'),
(871, 'aef033dd-c1ed-4e43-89ca-287f7a1d3482.jpg', 0, '2018-08-01 12:16:46.000000'),
(872, 'af39217d-a2ce-4ed4-be9c-343609f4a054.jpg', 0, '2018-08-01 12:16:46.000000'),
(873, 'afa22910-946d-4971-9ba2-977569759ba8.jpg', 0, '2018-08-01 12:16:46.000000'),
(874, 'b02adb73-fcad-4a76-8605-d20768d18c11.jpg', 0, '2018-08-01 12:16:46.000000'),
(875, 'b2a46638-23ad-4211-9e66-fa1a310d6784.jpg', 0, '2018-08-01 12:16:46.000000'),
(876, 'b4b3fe40-cb30-4d56-9348-e5761d05c181.jpg', 0, '2018-08-01 12:16:46.000000'),
(877, 'b4b08e3b-84fd-4ac7-8d2d-c655f36aa464.jpg', 0, '2018-08-01 12:16:46.000000'),
(878, 'b4d7f0b6-f382-46da-a220-fce783b5c51b.jpg', 0, '2018-08-01 12:16:46.000000'),
(879, 'b5f23010-ce94-47eb-bf06-14afe927f635.jpg', 0, '2018-08-01 12:16:46.000000'),
(880, 'b5fb2c2c-3647-4cdc-a5e4-747229d91bb3.jpg', 0, '2018-08-01 12:16:46.000000'),
(881, 'b33fdb26-3327-47fd-a350-b397a8206767.jpg', 0, '2018-08-01 12:16:46.000000'),
(882, 'b48fa00f-8fc5-4ac9-8d35-2e12d676b23e.jpg', 0, '2018-08-01 12:16:46.000000'),
(883, 'b62e42fc-a6c9-48ad-9278-7dbfb8f83458.png', 0, '2018-08-01 12:16:46.000000'),
(884, 'b75e19de-7160-4ea7-b74f-41cda3d34fd7.jpg', 0, '2018-08-01 12:16:46.000000'),
(885, 'b561bf1d-b187-41a8-b067-2d84d6b1f519.jpg', 0, '2018-08-01 12:17:49.000000'),
(886, 'b943a337-a9ed-4cbd-a2a2-cd1cb6db8e13.jpg', 0, '2018-08-01 12:17:49.000000'),
(887, 'b1966e75-4875-4676-9702-5f9db31a5e4d.jpg', 0, '2018-08-01 12:17:49.000000'),
(888, 'ba1e27bd-ad3f-4408-8186-a1d67b1aa7a2.jpg', 0, '2018-08-01 12:17:49.000000'),
(889, 'bbd41812-7a27-4756-979e-cf45d4ccd992.jpg', 0, '2018-08-01 12:17:49.000000'),
(890, 'bc380c14-de29-4675-ab0d-e50f3cab0eef.jpg', 0, '2018-08-01 12:17:49.000000'),
(891, 'bc4839c7-99e8-4a2b-8748-3405bf04cd98.jpg', 0, '2018-08-01 12:17:49.000000'),
(892, 'be737652-8cfb-4599-bd12-b8d8fc78468a.jpg', 0, '2018-08-01 12:17:49.000000'),
(893, 'bf5529de-1dfd-49a5-a1f1-77dc2d0aee17.jpg', 0, '2018-08-01 12:17:49.000000'),
(894, 'bfdffabb-e007-471b-80b6-a8cc468712f3.jpg', 0, '2018-08-01 12:17:49.000000'),
(895, 'c0f7f40e-5cda-4149-abe4-56a01e6157a6.jpg', 0, '2018-08-01 12:17:50.000000'),
(896, 'c1b52504-3bd4-418d-ae9a-ead52742a684.jpg', 0, '2018-08-01 12:17:50.000000'),
(897, 'c3c44fa5-5f20-4573-92eb-a31dd0f112d9.jpg', 0, '2018-08-01 12:17:50.000000'),
(898, 'c3dd4f1c-1ff1-4530-9b6a-259fcbe02be9.jpg', 0, '2018-08-01 12:17:50.000000'),
(899, 'c5a82d0d-25d8-4996-aaa2-2576b8d035ae.jpg', 0, '2018-08-01 12:17:50.000000'),
(900, 'c5d901a8-fd7f-4378-ad23-8c086a3381d2.jpg', 0, '2018-08-01 12:17:50.000000'),
(901, 'c5dbb795-2d58-4eba-bf4b-4e7383f2f4c9.jpg', 0, '2018-08-01 12:17:50.000000'),
(902, 'c8c82ddb-92c7-4e3c-b6ca-d247613ff8ce.jpg', 0, '2018-08-01 12:17:50.000000'),
(903, 'c37cf7a2-be88-4c20-a826-017c4880c767.jpg', 0, '2018-08-01 12:17:50.000000'),
(904, 'c091c678-88fc-4e02-89ee-cb6eb4c27065.jpg', 0, '2018-08-01 12:17:50.000000'),
(905, 'c635e861-4507-4776-8868-002b8dd9878e.jpg', 0, '2018-08-01 12:19:15.000000'),
(906, 'c8499cac-6d82-4ce1-85e6-3caf11e361db.jpg', 0, '2018-08-01 12:19:15.000000'),
(907, 'c35878c0-0ce0-4a79-9f0f-e835853b0026.jpg', 0, '2018-08-01 12:19:15.000000'),
(908, 'c82884fd-724f-432c-8106-01d827c7d6d9.jpg', 0, '2018-08-01 12:19:15.000000'),
(909, 'c90155c3-2b51-4302-8fc4-401322c6c8ef.jpg', 0, '2018-08-01 12:19:15.000000'),
(910, 'ca8b71d4-d15f-4073-8630-0b58c8dc7144.jpg', 0, '2018-08-01 12:19:15.000000'),
(911, 'ca19c479-4e7d-4b41-82ff-cc9f373a8f14.jpg', 0, '2018-08-01 12:19:15.000000'),
(912, 'cabc226a-01f5-4fe5-adf9-5a9940b098b2.jpg', 0, '2018-08-01 12:19:15.000000'),
(913, 'cb134537-ce09-41a1-b365-ec5d1970ee65.jpg', 0, '2018-08-01 12:19:15.000000'),
(914, 'cd45163d-9550-4216-8657-1c9e7e3f913a.jpg', 0, '2018-08-01 12:19:16.000000'),
(915, 'ceabc26d-4ae7-48a3-b5c4-5663e26223ca.jpg', 0, '2018-08-01 12:19:16.000000'),
(916, 'cef8531f-4d05-403e-9e95-25677aeeafa2.jpg', 0, '2018-08-01 12:19:16.000000'),
(917, 'cf3d561f-d8e8-4ad2-9f96-be37fd26b44e.jpg', 0, '2018-08-01 12:19:16.000000'),
(918, 'cf896eb8-8456-4133-89a2-37d7487b550f.jpg', 0, '2018-08-01 12:19:16.000000'),
(919, 'cf310152-f103-4cba-aa2e-6f99cb0559e8.jpg', 0, '2018-08-01 12:19:16.000000'),
(920, 'cff42197-ad02-4231-b211-1f718efca9d2.jpg', 0, '2018-08-01 12:19:16.000000'),
(921, 'd3eb2b37-89fa-4f13-8b2a-7b3c9bf29076.jpg', 0, '2018-08-01 12:19:16.000000'),
(922, 'd05b7845-055f-4e0a-8273-79722ccdd24a.jpg', 0, '2018-08-01 12:19:16.000000'),
(923, 'd6e3db1e-3670-4c4a-b125-10f2a1daf852.png', 0, '2018-08-01 12:19:16.000000'),
(924, 'd648b9fc-2877-47c0-b231-e82c37e40853.jpg', 0, '2018-08-01 12:19:16.000000'),
(925, 'd854f8b1-f516-4d26-b872-907e488b0948.png', 0, '2018-08-01 12:21:19.000000'),
(926, 'd1767cb7-19c5-449e-bed8-fdc46b550c44.jpg', 0, '2018-08-01 12:21:19.000000'),
(927, 'd2350c13-5407-4257-9664-31d92a4eeb0d.jpg', 0, '2018-08-01 12:21:19.000000'),
(928, 'd2883154-5854-41d5-aafc-04d6ac20f8cd.jpg', 0, '2018-08-01 12:21:19.000000'),
(929, 'da1487cc-11ea-443a-a491-6de5074fbbf3.jpg', 0, '2018-08-01 12:21:19.000000'),
(930, 'db0b7a52-2e5e-4b5b-a0a7-2e76be92d132.jpg', 0, '2018-08-01 12:21:19.000000'),
(931, 'dbd2007b-6dd2-448a-b3ce-d31a0dd200cb.jpg', 0, '2018-08-01 12:21:19.000000'),
(932, 'dd22d4db-3c58-44ab-95ec-41d4962c9069.jpg', 0, '2018-08-01 12:21:19.000000'),
(933, 'de090504-2731-4124-aaa6-3630885002ae.jpg', 0, '2018-08-01 12:21:19.000000'),
(934, 'dea9d67e-629f-4124-96c9-e84996e6e33f.jpg', 0, '2018-08-01 12:21:19.000000'),
(935, 'df0f6c7f-24c8-45f5-a643-352a1549a884.jpg', 0, '2018-08-01 12:21:19.000000'),
(936, 'df9a0271-1108-4502-9a4b-f69a389c885f.jpg', 0, '2018-08-01 12:21:19.000000'),
(937, 'e0f93f65-fabd-437b-88d4-97f661f8a2b3.jpg', 0, '2018-08-01 12:21:19.000000'),
(938, 'e3b689ef-bc82-44f7-ad76-cc5859b83d18.jpg', 0, '2018-08-01 12:21:19.000000'),
(939, 'e5a967e5-03bd-4d43-8f59-44bead7de026.jpg', 0, '2018-08-01 12:21:19.000000'),
(940, 'e9b14542-6976-49d0-b369-cd9d6da68e2f.jpg', 0, '2018-08-01 12:21:19.000000'),
(941, 'e12c7b09-1907-4cbf-b43f-e1c49990b0a2.jpg', 0, '2018-08-01 12:21:19.000000'),
(942, 'e62f1c18-c0c7-4f07-88f3-976eb67c6e59.png', 0, '2018-08-01 12:21:19.000000'),
(943, 'e164afe3-1279-49e8-a9d5-3de619767061.jpg', 0, '2018-08-01 12:21:19.000000'),
(944, 'e477cc14-3392-4d55-8d8a-408e19a79871.jpg', 0, '2018-08-01 12:21:19.000000'),
(945, 'e673f85c-7221-46f6-b9ae-3df525aaea61.jpg', 0, '2018-08-01 12:22:39.000000'),
(946, 'e6680e44-86e2-4d3b-a8cf-e082edcf028b.png', 0, '2018-08-01 12:22:39.000000'),
(947, 'e22834fd-a36b-4f3f-9293-3d2b4ea0a8da.jpg', 0, '2018-08-01 12:22:40.000000'),
(948, 'ea4d26ff-07fd-4e33-8715-827c648d9d13.jpg', 0, '2018-08-01 12:22:40.000000'),
(949, 'eaab13a3-ea43-4d9a-b20e-129cff3ac263.png', 0, '2018-08-01 12:22:40.000000'),
(950, 'ecc1630f-6c12-41e4-8119-820c526c95cc.jpg', 0, '2018-08-01 12:22:40.000000'),
(951, 'ed872df7-5edd-4c3a-81c6-ee28f6141fec.jpg', 0, '2018-08-01 12:22:40.000000'),
(952, 'edb4a47f-7249-4487-8ec8-a7fcf85c5f1e.png', 0, '2018-08-01 12:22:40.000000'),
(953, 'ee9acedd-aa8f-4608-8031-357755269827.jpg', 0, '2018-08-01 12:22:40.000000'),
(954, 'eea34f33-9a73-4660-bf9a-fc013ac7210d.jpg', 0, '2018-08-01 12:22:40.000000'),
(955, 'f0ab3cf9-9d76-4e78-ad4c-870fade53191.jpg', 0, '2018-08-01 12:22:40.000000'),
(956, 'f3d9a1c2-2f59-445f-b672-b0bff2c11eea.jpg', 0, '2018-08-01 12:22:40.000000'),
(957, 'f6bb082f-10cf-4274-9965-6fd4dc4cb5e1.jpg', 0, '2018-08-01 12:22:40.000000'),
(958, 'f8acb628-1195-4556-8d43-16372fa005ea.jpg', 0, '2018-08-01 12:22:40.000000'),
(959, 'f8d044e9-2c0c-484b-b519-0f5d11a3f56c.jpg', 0, '2018-08-01 12:22:40.000000'),
(960, 'f9d158ea-4f2c-4161-ab68-7ab7116f86c0.jpg', 0, '2018-08-01 12:22:40.000000'),
(961, 'f42a51b9-a5c0-464e-be72-5ffd8ce00a3e.jpg', 0, '2018-08-01 12:22:40.000000'),
(962, 'f85ad682-9779-40cc-8e74-532d5d5b46e5.jpg', 0, '2018-08-01 12:22:40.000000'),
(963, 'f89e087e-f6de-43f4-b40f-d5825f0b9d27.jpg', 0, '2018-08-01 12:22:40.000000'),
(964, 'f98414fb-3324-452f-afc4-2a6525d6a780.jpg', 0, '2018-08-01 12:22:40.000000'),
(965, 'f5918984-506c-4803-a480-7f69a1c773f8.jpg', 0, '2018-08-01 12:26:05.000000'),
(966, 'fa771d28-f4b2-4ce5-9a7d-30463482d677.jpg', 0, '2018-08-01 12:26:05.000000'),
(967, 'faf4f2be-868d-4a89-b16b-b1856176fadd.jpg', 0, '2018-08-01 12:26:05.000000'),
(968, 'fb736342-5843-4546-904b-d8e02007f5d4.jpg', 0, '2018-08-01 12:26:05.000000'),
(969, 'fd66b88e-605e-4162-b039-37ff7b4a8afe.jpg', 0, '2018-08-01 12:26:05.000000'),
(970, 'fd76683f-8b35-4936-868c-664a7d34533d.png', 0, '2018-08-01 12:26:05.000000'),
(971, 'fdb266fe-b97a-4718-be53-6ad9f35b909f.jpg', 0, '2018-08-01 12:26:05.000000'),
(972, 'fdb639aa-b0ff-4403-9823-0c41c8527d27.jpg', 0, '2018-08-01 12:26:05.000000'),
(973, 'fe2fd316-e23f-4dbd-a233-8e6f19b2b000.jpg', 0, '2018-08-01 12:26:05.000000'),
(974, 'fe34653f-ce21-4e3e-98b8-8517891644d7.jpg', 0, '2018-08-01 12:26:05.000000'),
(975, 'fef1f20c-8fd3-40bf-b53c-526f9055c591.jpg', 0, '2018-08-01 12:26:05.000000'),
(976, 'BawZMU8laWo.jpg', 0, '2018-08-01 12:31:39.000000'),
(977, 'BcxFVS0A_K4.jpg', 0, '2018-08-01 12:31:39.000000'),
(978, 'Be_1ZZPHR6p.jpg', 0, '2018-08-01 12:31:39.000000'),
(979, 'Be4BIaOHFo0.jpg', 0, '2018-08-01 12:31:39.000000'),
(980, 'BfL4AeAljrK.jpg', 0, '2018-08-01 12:31:39.000000'),
(981, 'BfP0QncB4mw.jpg', 0, '2018-08-01 12:31:39.000000'),
(982, 'BfVB2pVgORO.jpg', 0, '2018-08-01 12:31:39.000000'),
(983, 'Bg_qSwZnKvj.jpg', 0, '2018-08-01 12:31:39.000000'),
(984, 'BgIyoeKFrej.jpg', 0, '2018-08-01 12:31:39.000000'),
(985, 'Bgp4YcaHVe0.jpg', 0, '2018-08-01 12:31:39.000000'),
(986, 'BgxdPXwFs8s.jpg', 0, '2018-08-01 12:31:39.000000'),
(987, 'Bh7KIZhjyIo.jpg', 0, '2018-08-01 12:31:39.000000'),
(988, 'BhLdEmAl8kw.jpg', 0, '2018-08-01 12:31:39.000000'),
(989, 'BhsmRidnX7M.jpg', 0, '2018-08-01 12:31:39.000000'),
(990, 'BhVUUq6F_Z5.jpg', 0, '2018-08-01 12:31:39.000000'),
(991, 'BhWoXValwtD.jpg', 0, '2018-08-01 12:31:39.000000'),
(992, 'Biuodr6H-MY.jpg', 0, '2018-08-01 12:31:40.000000'),
(993, 'Bj-16cHlZ_x.jpg', 0, '2018-08-01 12:31:40.000000'),
(994, 'BjbUjbyFiEm.jpg', 0, '2018-08-01 12:31:40.000000'),
(995, 'Bjc5bi2FoKl.jpg', 0, '2018-08-01 12:31:40.000000'),
(996, 'BjCrHi9FdBU.jpg', 0, '2018-08-01 12:34:07.000000'),
(997, 'BjDzZ7FguPd.jpg', 0, '2018-08-01 12:34:07.000000'),
(998, 'Bjz5O6jFYxY.jpg', 0, '2018-08-01 12:34:07.000000'),
(999, 'Bk_dQA2FbVB.jpg', 0, '2018-08-01 12:34:08.000000'),
(1000, 'Bk_oAQWjlh0.jpg', 0, '2018-08-01 12:34:08.000000'),
(1001, 'Bk3e1qgnn85.jpg', 0, '2018-08-01 12:34:08.000000'),
(1002, 'Bk4HhjMDEIE.jpg', 0, '2018-08-01 12:34:08.000000'),
(1003, 'Bk4Kav1hpRo.jpg', 0, '2018-08-01 12:34:08.000000'),
(1004, 'Bk4KbQfhuk8.jpg', 0, '2018-08-01 12:34:08.000000'),
(1005, 'Bk5DIdFD_AC.jpg', 0, '2018-08-01 12:34:08.000000'),
(1006, 'Bk5gf8djwDz.jpg', 0, '2018-08-01 12:34:08.000000'),
(1007, 'Bk5mL6sg6Oa.jpg', 0, '2018-08-01 12:34:08.000000'),
(1008, 'Bk5mwWWDWfA.jpg', 0, '2018-08-01 12:34:08.000000'),
(1009, 'Bk5tAuaj8Td.jpg', 0, '2018-08-01 12:34:08.000000'),
(1010, 'Bk5tBhun3J9.jpg', 0, '2018-08-01 12:34:08.000000'),
(1011, 'Bk6XrdvhX5S.jpg', 0, '2018-08-01 12:34:08.000000'),
(1012, 'Bk7rVrth8rB.jpg', 0, '2018-08-01 12:34:08.000000'),
(1013, 'Bk8VMwAl-ZD.jpg', 0, '2018-08-01 12:34:08.000000'),
(1014, 'Bk9MatHBlBw.jpg', 0, '2018-08-01 12:34:08.000000'),
(1015, 'Bk31zDyn0p1.jpg', 0, '2018-08-01 12:34:08.000000'),
(1016, 'Bk61fivFJnw.jpg', 0, '2018-08-01 12:36:23.000000'),
(1017, 'BkCKJO6F1TW.jpg', 0, '2018-08-01 12:36:23.000000'),
(1018, 'BkWXKpRgCUy.jpg', 0, '2018-08-01 12:36:23.000000'),
(1019, 'Bl0Z7smhoHX.jpg', 0, '2018-08-01 12:36:23.000000'),
(1020, 'Bl2BqWtHJx3.jpg', 0, '2018-08-01 12:36:23.000000'),
(1021, 'Bl2ki7KjelR.jpg', 0, '2018-08-01 12:36:23.000000'),
(1022, 'Bl3FJBEHjOZ.jpg', 0, '2018-08-01 12:36:23.000000'),
(1023, 'Bl3Hn2tB8Z4.jpg', 0, '2018-08-01 12:36:23.000000'),
(1024, 'Bl3iIwYlOR8.jpg', 0, '2018-08-01 12:36:23.000000'),
(1025, 'Bl3kls9Fhle.jpg', 0, '2018-08-01 12:36:23.000000'),
(1026, 'Bl3M2Ytg5wA.jpg', 0, '2018-08-01 12:36:23.000000'),
(1027, 'Bl3sfO6jzlb.jpg', 0, '2018-08-01 12:36:23.000000'),
(1028, 'Bl4DoutldSF.jpg', 0, '2018-08-01 12:36:23.000000'),
(1029, 'Bl4nBzpDjZr.jpg', 0, '2018-08-01 12:36:23.000000'),
(1030, 'Bl4SEiDFVPd.jpg', 0, '2018-08-01 12:36:24.000000'),
(1031, 'Bla3ObLgVWF.jpg', 0, '2018-08-01 12:36:24.000000'),
(1032, 'BlAKL2lD2U3.jpg', 0, '2018-08-01 12:36:24.000000'),
(1033, 'BlavjR9DWzt.jpg', 0, '2018-08-01 12:36:24.000000'),
(1034, 'BlB04J-FmX3.jpg', 0, '2018-08-01 12:36:24.000000'),
(1035, 'Blb8GszFigT.jpg', 0, '2018-08-01 12:36:24.000000'),
(1036, 'BlbAxpHHf8k.jpg', 0, '2018-08-01 12:47:04.000000'),
(1037, 'BlBCsJAgb9p.jpg', 0, '2018-08-01 12:47:04.000000'),
(1038, 'BlbLsmMBmsY.jpg', 0, '2018-08-01 12:47:04.000000'),
(1039, 'BlBRQkcALYB.jpg', 0, '2018-08-01 12:47:04.000000'),
(1040, 'Blbu3k0ncQL.jpg', 0, '2018-08-01 12:47:04.000000'),
(1041, 'BlbvNZlDhsp.jpg', 0, '2018-08-01 12:47:04.000000'),
(1042, 'BlcUkvjFvrm.jpg', 0, '2018-08-01 12:47:04.000000'),
(1043, 'BlD0Y6bBJzO.jpg', 0, '2018-08-01 12:47:04.000000'),
(1044, 'BlD0ZyahO-H.jpg', 0, '2018-08-01 12:47:05.000000'),
(1045, 'BlDh2Z1j1PN.jpg', 0, '2018-08-01 12:47:05.000000'),
(1046, 'BlDRLbnDgMj.jpg', 0, '2018-08-01 12:49:02.000000'),
(1047, 'BldyoIzHqVO.jpg', 0, '2018-08-01 12:49:02.000000'),
(1048, 'BldZ9aagUEd.jpg', 0, '2018-08-01 12:49:02.000000'),
(1049, 'BlECDh0ANOd.jpg', 0, '2018-08-01 12:49:02.000000'),
(1050, 'BlEO9Eqj5RM.jpg', 0, '2018-08-01 12:49:02.000000'),
(1051, 'BletTjqjdwg.jpg', 0, '2018-08-01 12:49:02.000000'),
(1052, 'BlEuSHLhslg.jpg', 0, '2018-08-01 12:49:03.000000'),
(1053, 'BlEZJ_YHrL-.jpg', 0, '2018-08-01 12:49:03.000000'),
(1054, 'Blf2CtZjZZq.jpg', 0, '2018-08-01 12:49:03.000000'),
(1055, 'BlFpPAdB6n2.jpg', 0, '2018-08-01 12:49:03.000000'),
(1056, 'BlGJqIsjj0F.jpg', 0, '2018-08-01 12:49:03.000000'),
(1057, 'BlgKBi0HQSU.jpg', 0, '2018-08-01 12:49:03.000000'),
(1058, 'BlGqZewn7Mx.jpg', 0, '2018-08-01 12:49:03.000000'),
(1059, 'BlGvb-gn7QA.jpg', 0, '2018-08-01 12:49:03.000000'),
(1060, 'BlH2LILnQMj.jpg', 0, '2018-08-01 12:49:03.000000'),
(1061, 'BlH2LZRHjXq.jpg', 0, '2018-08-01 12:50:27.000000'),
(1062, 'BlHd-K3BE_G.jpg', 0, '2018-08-01 12:50:27.000000'),
(1063, 'BlHd-X2B-ly.jpg', 0, '2018-08-01 12:50:27.000000'),
(1064, 'BlHYyUZFXZe.jpg', 0, '2018-08-01 12:50:27.000000'),
(1065, 'BlI65uDjXUu.jpg', 0, '2018-08-01 12:50:27.000000'),
(1066, 'BlIyxNKH_ZL.jpg', 0, '2018-08-01 12:50:27.000000'),
(1067, 'BlJlSEpFuMg.jpg', 0, '2018-08-01 12:50:27.000000'),
(1068, 'BlJLyUBDwFJ.jpg', 0, '2018-08-01 12:50:27.000000'),
(1069, 'BlJLyZNj8FD.jpg', 0, '2018-08-01 12:50:27.000000'),
(1070, 'BlK1oU6nonu.jpg', 0, '2018-08-01 12:50:27.000000'),
(1071, 'BlKmUfbnCAr.jpg', 0, '2018-08-01 12:50:27.000000'),
(1072, 'BllD9Y6jthf.jpg', 0, '2018-08-01 12:50:27.000000'),
(1073, 'BlLen4BAwt-.jpg', 0, '2018-08-01 12:50:27.000000'),
(1074, 'BlLhTrRldhH.jpg', 0, '2018-08-01 12:50:27.000000'),
(1075, 'BllLYfnnKQG.jpg', 0, '2018-08-01 12:50:27.000000'),
(1076, 'BllLYM5nugt.jpg', 0, '2018-08-01 12:52:34.000000'),
(1077, 'BllLYtmnFpd.jpg', 0, '2018-08-01 12:52:34.000000'),
(1078, 'Bllr8JGDABq.jpg', 0, '2018-08-01 12:52:34.000000'),
(1079, 'BlmsJcphbqB.jpg', 0, '2018-08-01 12:52:34.000000'),
(1080, 'BlmUaPaHuKg.jpg', 0, '2018-08-01 12:52:34.000000'),
(1081, 'BlmUZh5H1Rc.jpg', 0, '2018-08-01 12:52:35.000000'),
(1082, 'Bln59-FgQ4S.jpg', 0, '2018-08-01 12:52:35.000000'),
(1083, 'Blnmd2mDoac.jpg', 0, '2018-08-01 12:52:35.000000'),
(1084, 'BlntvLTDx8k.jpg', 0, '2018-08-01 12:52:35.000000'),
(1085, 'BlO1W1dHdLf.jpg', 0, '2018-08-01 12:52:35.000000'),
(1086, 'Blo4yDYleg8.jpg', 0, '2018-08-01 12:54:14.000000'),
(1087, 'Blpe41Mn1ua.jpg', 0, '2018-08-01 12:54:14.000000'),
(1088, 'BlQaRI6H9mm.jpg', 0, '2018-08-01 12:54:14.000000'),
(1089, 'BlQcPyJh8BM.jpg', 0, '2018-08-01 12:54:14.000000'),
(1090, 'BlQsTwmFzMj.jpg', 0, '2018-08-01 12:54:14.000000'),
(1091, 'BlSCXT-BBju.jpg', 0, '2018-08-01 12:54:14.000000'),
(1092, 'BlSx6_9j0wH.jpg', 0, '2018-08-01 12:54:15.000000'),
(1093, 'BlSx6rvDaI7.jpg', 0, '2018-08-01 12:54:15.000000'),
(1094, 'BlSx7UADVam.jpg', 0, '2018-08-01 12:54:15.000000'),
(1095, 'BlT4ThlnyfS.jpg', 0, '2018-08-01 12:54:15.000000'),
(1096, 'Blt8vt8lClU.jpg', 0, '2018-08-01 12:54:15.000000'),
(1097, 'BlTACB2DwHk.jpg', 0, '2018-08-01 12:54:15.000000'),
(1098, 'BlTb-PQhP6I.jpg', 0, '2018-08-01 12:54:15.000000'),
(1099, 'BlTlyO8lPhP.jpg', 0, '2018-08-01 12:54:15.000000'),
(1100, 'BlUeMa2nEJ1.jpg', 0, '2018-08-01 12:54:15.000000'),
(1101, 'BlVi7s_Dn8B.jpg', 0, '2018-08-01 12:55:55.000000'),
(1102, 'BlVkJWLArj_.jpg', 0, '2018-08-01 12:55:55.000000'),
(1103, 'BlvOwaUHZl2.jpg', 0, '2018-08-01 12:55:55.000000'),
(1104, 'BlweMucH8z6.jpg', 0, '2018-08-01 12:55:55.000000'),
(1105, 'BlwHXTFheX7.jpg', 0, '2018-08-01 12:55:55.000000'),
(1106, 'BlWtiBonWQs.jpg', 0, '2018-08-01 12:55:55.000000'),
(1107, 'BlWtj42HBKH.jpg', 0, '2018-08-01 12:55:55.000000'),
(1108, 'BlX6UvnjUH7.jpg', 0, '2018-08-01 12:55:55.000000'),
(1109, 'BlX6VFgjYx5.jpg', 0, '2018-08-01 12:55:55.000000'),
(1110, 'BlX6VWTjoRv.jpg', 0, '2018-08-01 12:55:55.000000'),
(1111, 'BlX7CLeB6F-.jpg', 0, '2018-08-01 12:55:55.000000'),
(1112, 'Bly7BAZlr-5.jpg', 0, '2018-08-01 12:55:55.000000'),
(1113, 'Bly628IFY8L.jpg', 0, '2018-08-01 12:55:55.000000'),
(1114, 'BlyA8dfnfnv.jpg', 0, '2018-08-01 12:55:55.000000'),
(1115, 'Blyg8wpHG-B.jpg', 0, '2018-08-01 12:55:55.000000'),
(1116, 'BlyIifnAhlt.jpg', 0, '2018-08-01 12:57:52.000000'),
(1117, 'BlyOtsoFq5D.jpg', 0, '2018-08-01 12:57:52.000000'),
(1118, 'BlYpLP8Ftoa.jpg', 0, '2018-08-01 12:57:52.000000'),
(1119, 'BlyWYZEFJvD.jpg', 0, '2018-08-01 12:57:52.000000'),
(1120, 'BlzGJ8Rlpfe.jpg', 0, '2018-08-01 12:57:52.000000'),
(1121, 'BlzL1g0hZj2.jpg', 0, '2018-08-01 12:57:52.000000'),
(1122, 'BlZLR98nE_v.jpg', 0, '2018-08-01 12:57:52.000000'),
(1123, 'BlzohdVBczb.jpg', 0, '2018-08-01 12:57:53.000000'),
(1124, 'BOGNMkRApho.jpg', 0, '2018-08-01 12:57:53.000000'),
(1125, 'BS65nFbAX1j.jpg', 0, '2018-08-01 12:57:53.000000'),
(1126, 'BVJRhMgln_S.jpg', 0, '2018-08-01 12:57:53.000000'),
(1127, 'BWBLtvrltcj.jpg', 0, '2018-08-01 12:57:53.000000'),
(1128, 'BX0l1KSFR4-.jpg', 0, '2018-08-01 12:57:53.000000'),
(1129, 'BX0Sny4FPrn.jpg', 0, '2018-08-01 12:57:53.000000'),
(1130, 'BX0SqrPlpHc.jpg', 0, '2018-08-01 12:57:53.000000'),
(1131, 'BXWID8KlMoM.jpg', 0, '2018-08-01 12:57:53.000000'),
(1132, 'BYHet-QlPn9.jpg', 0, '2018-08-01 12:57:53.000000'),
(1133, 'BYMmeRBlMrN.jpg', 0, '2018-08-01 12:57:53.000000'),
(1134, 'Screenshot_2018-08-07-04-36-23.png', 0, '2018-08-13 08:41:49.000000'),
(1135, '6fc1aefa4e41d5fe30deb4a239c73d22.jpg', 0, '2018-08-13 08:42:01.000000');

--
-- Indexes for dumped tables
--

--
-- Indexes for table `1st_level_sort`
--
ALTER TABLE `1st_level_sort`
  ADD PRIMARY KEY (`id`);

--
-- Indexes for table `dc_universe`
--
ALTER TABLE `dc_universe`
  ADD PRIMARY KEY (`id`);

--
-- Indexes for table `demonic_creatures`
--
ALTER TABLE `demonic_creatures`
  ADD PRIMARY KEY (`id`);

--
-- Indexes for table `female_character_reference`
--
ALTER TABLE `female_character_reference`
  ADD PRIMARY KEY (`id`);

--
-- Indexes for table `godlings`
--
ALTER TABLE `godlings`
  ADD PRIMARY KEY (`id`);

--
-- Indexes for table `login_data`
--
ALTER TABLE `login_data`
  ADD PRIMARY KEY (`id`);

--
-- Indexes for table `magic_users`
--
ALTER TABLE `magic_users`
  ADD PRIMARY KEY (`id`);

--
-- Indexes for table `male_character_reference`
--
ALTER TABLE `male_character_reference`
  ADD PRIMARY KEY (`id`);

--
-- Indexes for table `marval_universe`
--
ALTER TABLE `marval_universe`
  ADD PRIMARY KEY (`id`);

--
-- Indexes for table `mystical_and_mythological_beings`
--
ALTER TABLE `mystical_and_mythological_beings`
  ADD PRIMARY KEY (`id`);

--
-- Indexes for table `other_comic_characters`
--
ALTER TABLE `other_comic_characters`
  ADD PRIMARY KEY (`id`);

--
-- Indexes for table `unsorted_images`
--
ALTER TABLE `unsorted_images`
  ADD PRIMARY KEY (`id`);

--
-- AUTO_INCREMENT for dumped tables
--

--
-- AUTO_INCREMENT for table `1st_level_sort`
--
ALTER TABLE `1st_level_sort`
  MODIFY `id` int(15) NOT NULL AUTO_INCREMENT, AUTO_INCREMENT=18;

--
-- AUTO_INCREMENT for table `dc_universe`
--
ALTER TABLE `dc_universe`
  MODIFY `id` int(15) NOT NULL AUTO_INCREMENT;

--
-- AUTO_INCREMENT for table `demonic_creatures`
--
ALTER TABLE `demonic_creatures`
  MODIFY `id` int(15) NOT NULL AUTO_INCREMENT;

--
-- AUTO_INCREMENT for table `female_character_reference`
--
ALTER TABLE `female_character_reference`
  MODIFY `id` int(15) NOT NULL AUTO_INCREMENT;

--
-- AUTO_INCREMENT for table `godlings`
--
ALTER TABLE `godlings`
  MODIFY `id` int(15) NOT NULL AUTO_INCREMENT;

--
-- AUTO_INCREMENT for table `login_data`
--
ALTER TABLE `login_data`
  MODIFY `id` int(15) NOT NULL AUTO_INCREMENT, AUTO_INCREMENT=3;

--
-- AUTO_INCREMENT for table `magic_users`
--
ALTER TABLE `magic_users`
  MODIFY `id` int(15) NOT NULL AUTO_INCREMENT;

--
-- AUTO_INCREMENT for table `male_character_reference`
--
ALTER TABLE `male_character_reference`
  MODIFY `id` int(15) NOT NULL AUTO_INCREMENT;

--
-- AUTO_INCREMENT for table `marval_universe`
--
ALTER TABLE `marval_universe`
  MODIFY `id` int(15) NOT NULL AUTO_INCREMENT;

--
-- AUTO_INCREMENT for table `mystical_and_mythological_beings`
--
ALTER TABLE `mystical_and_mythological_beings`
  MODIFY `id` int(15) NOT NULL AUTO_INCREMENT;

--
-- AUTO_INCREMENT for table `other_comic_characters`
--
ALTER TABLE `other_comic_characters`
  MODIFY `id` int(15) NOT NULL AUTO_INCREMENT;

--
-- AUTO_INCREMENT for table `unsorted_images`
--
ALTER TABLE `unsorted_images`
  MODIFY `id` int(15) NOT NULL AUTO_INCREMENT, AUTO_INCREMENT=1136;
COMMIT;

/*!40101 SET CHARACTER_SET_CLIENT=@OLD_CHARACTER_SET_CLIENT */;
/*!40101 SET CHARACTER_SET_RESULTS=@OLD_CHARACTER_SET_RESULTS */;
/*!40101 SET COLLATION_CONNECTION=@OLD_COLLATION_CONNECTION */;
